-- --------------------------------------------------------
-- Servidor:                     127.0.0.1
-- Versão do servidor:           5.5.32 - MySQL Community Server (GPL)
-- OS do Servidor:               Win32
-- HeidiSQL Versão:              8.0.0.4396
-- --------------------------------------------------------

/*!40101 SET @OLD_CHARACTER_SET_CLIENT=@@CHARACTER_SET_CLIENT */;
/*!40101 SET NAMES utf8 */;
/*!40014 SET @OLD_FOREIGN_KEY_CHECKS=@@FOREIGN_KEY_CHECKS, FOREIGN_KEY_CHECKS=0 */;
/*!40101 SET @OLD_SQL_MODE=@@SQL_MODE, SQL_MODE='NO_AUTO_VALUE_ON_ZERO' */;

-- Copiando estrutura do banco de dados para pizzaria
DROP DATABASE IF EXISTS `pizzaria`;
CREATE DATABASE IF NOT EXISTS `pizzaria` /*!40100 DEFAULT CHARACTER SET latin1 */;
USE `pizzaria`;


-- Copiando estrutura para tabela pizzaria.atendimento
CREATE TABLE IF NOT EXISTS `atendimento` (
  `dia` int(11) NOT NULL,
  `horarioAbertura` time NOT NULL DEFAULT '00:00:00',
  `horarioFechamento` time NOT NULL,
  `diaSeguinte` tinyint(4) NOT NULL,
  `delivery` tinyint(4) NOT NULL DEFAULT '1'
) ENGINE=InnoDB DEFAULT CHARSET=latin1;

-- Copiando dados para a tabela pizzaria.atendimento: ~7 rows (aproximadamente)
/*!40000 ALTER TABLE `atendimento` DISABLE KEYS */;
INSERT INTO `atendimento` (`dia`, `horarioAbertura`, `horarioFechamento`, `diaSeguinte`, `delivery`) VALUES
	(0, '19:00:00', '23:59:59', 0, 1),
	(2, '20:00:00', '23:59:59', 0, 1),
	(4, '20:00:00', '23:59:59', 0, 1),
	(5, '10:00:00', '12:00:00', 0, 0),
	(5, '00:00:00', '02:00:00', 1, 0),
	(6, '00:00:00', '03:00:00', 1, 1),
	(5, '19:00:00', '23:59:59', 0, 1);
/*!40000 ALTER TABLE `atendimento` ENABLE KEYS */;


-- Copiando estrutura para tabela pizzaria.box
CREATE TABLE IF NOT EXISTS `box` (
  `codBox` int(11) NOT NULL DEFAULT '0',
  `pagina` varchar(50) DEFAULT NULL,
  `descricao` varchar(50) DEFAULT NULL,
  `titulo` varchar(255) DEFAULT NULL,
  `conteudo` longtext,
  `imagem` varchar(125) DEFAULT NULL,
  PRIMARY KEY (`codBox`)
) ENGINE=InnoDB DEFAULT CHARSET=latin1;

-- Copiando dados para a tabela pizzaria.box: ~5 rows (aproximadamente)
/*!40000 ALTER TABLE `box` DISABLE KEYS */;
INSERT INTO `box` (`codBox`, `pagina`, `descricao`, `titulo`, `conteudo`, `imagem`) VALUES
	(1, 'inicio', 'Boas Vindas', 'Bem vindo', '&lt;p&gt;&lt;span style=&quot;line-height: 19.200000762939453px;&quot;&gt;Em poucos cliques o cliente pode fazer seu pedido atrav&eacute;s da navega&ccedil;&atilde;o intuitiva, simples e &aacute;gil oferecida pelo sistema PIZZAMANTIS.&lt;/span&gt;&lt;span class=&quot;col2&quot;&gt;&lt;/span&gt;&lt;/p&gt;&lt;p&gt;&lt;br&gt;&lt;/p&gt;', 'welcome_img.png'),
	(2, 'inicio', 'Lista de Atributos', 'Vantagens', '&lt;ul class=&quot;list&quot;&gt;	        &lt;li&gt;Navega&ccedil;&atilde;o intuitiva e simples&lt;/li&gt;		&lt;li&gt;Agilidade e comodidade para o cliente&lt;/li&gt;		&lt;li&gt;Economia de tempo e dinheiro&lt;/li&gt;		&lt;li&gt;Acompanhamento atrav&eacute;s de relat&oacute;rios dia a dia&lt;/li&gt;		&lt;li&gt;Personaliza&ccedil;&atilde;o dos pedidos na pizzaria&lt;/li&gt;&lt;/ul&gt;', NULL),
	(3, 'sobre', 'Descrição da empresa', 'Sobre N&oacute;s', '&lt;p style=&quot;margin-left: 0px; text-align: justify;&quot;&gt;&lt;span data-font=&quot;font-family&quot; style=&quot;font-family: Arial, Helvetica;&quot;&gt;Para voc&ecirc; que prefere saborear&lt;span data-font=&quot;fontFamily&quot;&gt;&lt;/span&gt; uma boa pizza, por um pre&ccedil;o justo, sem sair de casa, a Nobilis conta com delivery gratuito, com a m&aacute;xima agilidade na entrega&lt;/span&gt;&lt;/p&gt;&lt;p style=&quot;margin-left: 0px;&quot;&gt;&lt;span data-font=&quot;font-family&quot; style=&quot;font-family: Arial, Helvetica;&quot;&gt;Carinho na hora de fazer e tecnologia nos momentos de servir.&amp;nbsp;&lt;span style=&quot;line-height: 19.200000762939453px;&quot;&gt;Ainda que muita gente esteja impressionada com o “tchan” que a Nobilis causou no mercado, a receita deste sucesso &eacute; simples: mat&eacute;ria-prima de primeira, m&atilde;o de obra especialmente treinada e um card&aacute;pio diferenciado pela variedade e pelas novidades.&lt;/span&gt;&lt;/span&gt;&lt;/p&gt;&lt;p style=&quot;margin-left: 0px; text-align: justify;&quot;&gt;&lt;span data-font=&quot;font-family&quot; style=&quot;font-family: Arial, Helvetica;&quot;&gt;Venha saborear nossas saborosas pizzas salgadas e doces feitas em forno &agrave; lenha, com a massa aberta na hora, ao gosto do cliente: fina ou grossa.&lt;/span&gt;&lt;/p&gt;', 'page2_img1.jpg'),
	(4, 'sobre', 'História dos donos ', 'Quem s&atilde;o os donos?', '&lt;div class=&quot;extra_wrapper&quot;&gt;		&lt;p&gt;&lt;br&gt;&lt;/p&gt;&lt;div class=&quot;title&quot;&gt;Jos&eacute; &amp;amp; Ricardo&amp;nbsp;	&lt;br&gt;	Fragoli&lt;/div&gt;&lt;p&gt;&lt;br&gt;&lt;/p&gt;&lt;p&gt;&lt;br&gt;&lt;/p&gt;&lt;p&gt;&lt;br&gt;&lt;/p&gt;&lt;/div&gt;&lt;p&gt;Os dois irm&atilde;os, nascidos na decada de 70 fundaram juntos a lanchonete Nobilis, inicialmente como ponto de encontro para concentrar a torcida de seu time de cora&ccedil;&atilde;o (O S&atilde;o Paulo).&amp;nbsp;&lt;/p&gt;&lt;p&gt;A id&eacute;ia acabou aumentando, assim como o card&aacute;pio, que passava ent&atilde;o a oferecer pizzas.&amp;nbsp;&lt;/p&gt;&lt;p&gt;Com o tempo esse se tornou o produto chave da Nobilis, que se destaca na cidade de Jacupiranga assim como na regi&atilde;o.&amp;nbsp;&lt;/p&gt;&lt;p&gt;Localizada pr&oacute;xima a rodovia Regis Bittencourt a pizzaria costuma receber visitas de muitos viajantes.&lt;/p&gt;', 'page2_img2.png'),
	(5, 'menu', 'Descrição do Cardápio', 'Nosso Card&aacute;pio', '&lt;p class=&quot;col2 inn1&quot;&gt;&lt;br&gt;&lt;/p&gt;', NULL);
/*!40000 ALTER TABLE `box` ENABLE KEYS */;


-- Copiando estrutura para tabela pizzaria.caixa
CREATE TABLE IF NOT EXISTS `caixa` (
  `codCaixa` int(10) NOT NULL AUTO_INCREMENT,
  `codFuncionario` int(10) DEFAULT NULL,
  `dataHoraAbertura` datetime DEFAULT NULL,
  `dataHoraFechamento` datetime DEFAULT NULL,
  `saldoInicial` decimal(6,2) DEFAULT NULL,
  `saldoCorrente` decimal(6,2) DEFAULT NULL,
  PRIMARY KEY (`codCaixa`),
  KEY `codFuncionario` (`codFuncionario`)
) ENGINE=InnoDB AUTO_INCREMENT=435 DEFAULT CHARSET=latin1;

-- Copiando dados para a tabela pizzaria.caixa: ~365 rows (aproximadamente)
/*!40000 ALTER TABLE `caixa` DISABLE KEYS */;
INSERT INTO `caixa` (`codCaixa`, `codFuncionario`, `dataHoraAbertura`, `dataHoraFechamento`, `saldoInicial`, `saldoCorrente`) VALUES
	(1, 1, '2014-04-23 00:00:00', NULL, 54.00, 175.96),
	(2, 1, '2014-04-24 00:00:00', NULL, 99.99, 175.96),
	(3, 1, '2014-04-24 00:00:00', NULL, 99.99, 175.96),
	(4, 1, '2014-04-24 00:00:00', NULL, 8.00, 175.96),
	(5, 1, '2014-04-24 00:00:00', NULL, 99.99, 175.96),
	(6, 1, '2014-04-24 00:00:00', NULL, 99.99, 175.96),
	(7, 1, '2014-04-24 00:00:00', NULL, 99.99, 175.96),
	(8, 1, '2014-04-24 00:00:00', NULL, 54.00, 175.96),
	(9, 1, '2014-04-24 00:00:00', NULL, 54.00, 175.96),
	(10, 1, '2014-04-24 00:00:00', NULL, 54.00, 175.96),
	(11, 1, '2014-04-24 00:00:00', NULL, 54.00, 175.96),
	(12, 1, '2014-04-24 00:00:00', NULL, 54.00, 175.96),
	(13, 1, '2014-04-25 00:00:00', NULL, 54.00, 175.96),
	(14, 0, '2014-04-25 00:00:00', NULL, 54.00, 175.96),
	(15, 0, '2014-04-25 00:00:00', NULL, 99.99, 175.96),
	(16, 0, '2014-04-25 00:00:00', NULL, 99.99, 175.96),
	(17, 1, '2014-04-25 00:00:00', NULL, 74.00, 175.96),
	(18, 2, '2014-04-25 00:00:00', NULL, 74.00, 175.96),
	(19, 1, '2014-04-25 00:00:00', NULL, 99.99, 175.96),
	(20, 1, '2014-04-25 00:00:00', NULL, 7.00, 175.96),
	(21, 1, '2014-04-25 00:00:00', NULL, 99.99, 175.96),
	(22, 1, '2014-04-25 00:00:00', NULL, 54.00, 175.96),
	(23, 1, '2014-04-25 00:00:00', NULL, 54.00, 175.96),
	(24, 1, '2014-04-25 00:00:00', NULL, 54.00, 175.96),
	(25, 1, '2014-04-25 00:00:00', NULL, 89.00, 175.96),
	(26, 1, '2014-04-25 00:00:00', NULL, 32.00, 175.96),
	(27, 1, '2014-04-25 00:00:00', NULL, 58.00, 175.96),
	(28, 1, '2014-04-25 00:00:00', NULL, 99.99, 175.96),
	(29, 1, '2014-04-25 00:00:00', NULL, 65.00, 175.96),
	(30, 1, '2014-04-28 00:00:00', NULL, 21.00, 175.96),
	(31, 1, '2014-04-28 00:00:00', NULL, 87.00, 175.96),
	(32, 1, '2014-04-28 00:00:00', NULL, 54.00, 175.96),
	(33, 1, '2014-04-28 00:00:00', NULL, 98.00, 175.96),
	(34, 1, '2014-04-28 00:00:00', NULL, 54.00, 175.96),
	(35, 1, '2014-04-28 00:00:00', NULL, 54.00, 175.96),
	(36, 1, '2014-04-28 00:00:00', NULL, 99.99, 175.96),
	(37, 1, '2014-04-28 00:00:00', NULL, 87.00, 175.96),
	(38, 1, '2014-05-05 00:00:00', NULL, 76.00, 175.96),
	(39, 1, '2014-05-05 00:00:00', NULL, 65.00, 175.96),
	(40, 1, '2014-05-05 00:00:00', NULL, 32.00, 175.96),
	(41, 1, '2014-05-05 00:00:00', NULL, 99.99, 175.96),
	(42, 1, '2014-05-05 00:00:00', NULL, 56.00, 175.96),
	(43, 1, '2014-05-05 00:00:00', NULL, 54.00, 175.96),
	(44, 1, '2014-05-05 00:00:00', NULL, 54.00, 175.96),
	(45, 1, '2014-05-05 00:00:00', NULL, 99.99, 175.96),
	(46, 1, '2014-05-05 00:00:00', NULL, 65.00, 175.96),
	(47, 1, '2014-05-05 00:00:00', NULL, 65.00, 175.96),
	(48, 1, '2014-05-05 00:00:00', NULL, 7.00, 175.96),
	(49, 1, '2014-05-05 00:00:00', NULL, 54.00, 175.96),
	(50, 1, '2014-05-05 00:00:00', NULL, 87.00, 175.96),
	(51, 1, '2014-05-05 00:00:00', NULL, 99.99, 175.96),
	(52, 1, '2014-05-05 00:00:00', NULL, 99.99, 175.96),
	(53, 1, '2014-05-05 00:00:00', NULL, 54.00, 175.96),
	(54, 1, '2014-05-05 00:00:00', NULL, 99.99, 175.96),
	(55, 1, '2014-05-05 00:00:00', NULL, 54.00, 175.96),
	(56, 1, '2014-05-05 00:00:00', NULL, 85.00, 175.96),
	(57, 1, '2014-05-05 00:00:00', NULL, 99.99, 175.96),
	(58, 1, '2014-05-05 00:00:00', NULL, 54.00, 175.96),
	(59, 1, '2014-05-05 00:00:00', NULL, 99.99, 175.96),
	(60, 1, '2014-05-05 00:00:00', NULL, 47.00, 175.96),
	(61, 1, '2014-05-05 00:00:00', NULL, 87.00, 175.96),
	(62, 1, '2014-05-05 00:00:00', NULL, 87.00, 175.96),
	(63, 1, '2014-05-05 00:00:00', NULL, 99.99, 175.96),
	(64, 1, '2014-05-05 00:00:00', NULL, 99.99, 175.96),
	(65, 1, '2014-05-05 00:00:00', NULL, 5.00, 175.96),
	(66, 1, '2014-05-05 00:00:00', NULL, 4.00, 175.96),
	(67, 1, '2014-05-05 00:00:00', NULL, 87.00, 175.96),
	(68, 1, '2014-05-08 00:00:00', NULL, 54.00, 175.96),
	(69, 1, '2014-05-08 00:00:00', NULL, 54.00, 175.96),
	(70, 1, '2014-05-08 00:00:00', NULL, 4.00, 175.96),
	(71, 1, '2014-05-08 00:00:00', NULL, 87.00, 175.96),
	(72, 1, '2014-05-08 00:00:00', NULL, 87.00, 175.96),
	(73, 1, '2014-05-08 00:00:00', NULL, 54.00, 175.96),
	(74, 1, '2014-05-08 00:00:00', NULL, 87.00, 175.96),
	(75, 1, '2014-05-08 00:00:00', NULL, 54.00, 175.96),
	(76, 1, '2014-05-09 00:00:00', NULL, 54.00, 175.96),
	(77, 1, '2014-05-09 00:00:00', NULL, 54.00, 175.96),
	(78, 1, '2014-05-09 00:00:00', NULL, 54.00, 175.96),
	(79, 1, '2014-05-09 00:00:00', NULL, 54.00, 175.96),
	(80, 1, '2014-05-09 00:00:00', NULL, 54.00, 175.96),
	(81, 1, '2014-05-09 00:00:00', NULL, 54.00, 175.96),
	(82, 1, '2014-05-09 00:00:00', NULL, 54.00, 175.96),
	(83, 1, '2014-05-09 00:00:00', NULL, 54.00, 175.96),
	(84, 1, '2014-05-09 00:00:00', NULL, 54.00, 175.96),
	(85, 1, '2014-05-09 00:00:00', NULL, 54.00, 175.96),
	(86, 1, '2014-05-09 00:00:00', NULL, 54.00, 175.96),
	(87, 1, '2014-05-09 00:00:00', NULL, 54.00, 175.96),
	(88, 1, '2014-05-09 00:00:00', NULL, 54.00, 175.96),
	(89, 1, '2014-05-09 00:00:00', NULL, 54.00, 175.96),
	(90, 1, '2014-05-09 00:00:00', NULL, 54.00, 175.96),
	(91, 1, '2014-05-09 00:00:00', NULL, 54.00, 175.96),
	(92, 1, '2014-05-09 00:00:00', NULL, 54.00, 175.96),
	(93, 1, '2014-05-09 00:00:00', NULL, 54.00, 175.96),
	(94, 1, '2014-05-09 00:00:00', NULL, 99.99, 175.96),
	(95, 1, '2014-05-09 00:00:00', NULL, 99.99, 175.96),
	(96, 1, '2014-05-09 00:00:00', NULL, 99.99, 175.96),
	(97, 1, '2014-05-09 00:00:00', NULL, 99.99, 175.96),
	(98, 1, '2014-05-09 00:00:00', NULL, 99.99, 175.96),
	(99, 1, '2014-05-09 00:00:00', NULL, 99.99, 175.96),
	(100, 1, '2014-05-09 00:00:00', NULL, 99.99, 175.96),
	(101, 1, '2014-05-09 00:00:00', NULL, 99.99, 175.96),
	(102, 1, '2014-05-09 00:00:00', NULL, 99.99, 175.96),
	(103, 1, '2014-05-09 00:00:00', NULL, 99.99, 175.96),
	(104, 1, '2014-05-09 00:00:00', NULL, 99.99, 175.96),
	(105, 1, '2014-05-09 00:00:00', NULL, 99.99, 175.96),
	(106, 1, '2014-05-09 00:00:00', NULL, 99.99, 175.96),
	(107, 1, '2014-05-09 00:00:00', NULL, 99.99, 175.96),
	(108, 1, '2014-05-09 00:00:00', NULL, 99.99, 175.96),
	(109, 1, '2014-05-09 00:00:00', NULL, 99.99, 175.96),
	(110, 1, '2014-05-09 00:00:00', NULL, 99.99, 175.96),
	(111, 1, '2014-05-09 00:00:00', NULL, 99.99, 175.96),
	(112, 1, '2014-05-09 00:00:00', NULL, 99.99, 175.96),
	(113, 1, '2014-05-09 00:00:00', NULL, 99.99, 175.96),
	(114, 1, '2014-05-09 00:00:00', NULL, 99.99, 175.96),
	(115, 1, '2014-05-09 00:00:00', NULL, 99.99, 175.96),
	(116, 1, '2014-05-12 00:00:00', NULL, 99.99, 175.96),
	(117, 1, '2014-05-12 00:00:00', NULL, 99.99, 175.96),
	(118, 1, '2014-05-12 00:00:00', NULL, 99.99, 175.96),
	(119, 1, '2014-05-12 00:00:00', NULL, 99.99, 175.96),
	(120, 1, '2014-05-12 00:00:00', NULL, 99.99, 175.96),
	(121, 1, '2014-05-12 00:00:00', NULL, 99.99, 175.96),
	(122, 1, '2014-05-12 00:00:00', NULL, 99.99, 175.96),
	(123, 1, '2014-05-12 00:00:00', NULL, 99.99, 175.96),
	(124, 1, '2014-05-12 00:00:00', NULL, 99.99, 175.96),
	(125, 1, '2014-05-12 00:00:00', NULL, 99.99, 175.96),
	(126, 1, '2014-05-12 00:00:00', NULL, 99.99, 175.96),
	(127, 1, '2014-05-12 00:00:00', NULL, 99.99, 175.96),
	(128, 1, '2014-05-12 00:00:00', NULL, 99.99, 175.96),
	(129, 1, '2014-05-12 00:00:00', NULL, 99.99, 175.96),
	(130, 1, '2014-05-12 00:00:00', NULL, 99.99, 175.96),
	(131, 1, '2014-05-12 00:00:00', NULL, 99.99, 175.96),
	(132, 1, '2014-05-12 00:00:00', NULL, 99.99, 175.96),
	(133, 1, '2014-05-12 00:00:00', NULL, 99.99, 175.96),
	(134, 1, '2014-05-12 00:00:00', NULL, 99.99, 175.96),
	(135, 1, '2014-05-13 00:00:00', NULL, 99.99, 175.96),
	(136, 3, '2014-05-15 00:00:00', NULL, 99.99, 175.96),
	(137, 3, '2014-05-15 00:00:00', NULL, 99.99, 175.96),
	(138, 3, '2014-05-15 00:00:00', NULL, 99.99, 175.96),
	(139, 3, '2014-05-15 00:00:00', NULL, 99.99, 175.96),
	(140, 3, '2014-05-15 00:00:00', NULL, 99.99, 175.96),
	(141, 3, '2014-05-15 00:00:00', NULL, 99.99, 175.96),
	(142, 3, '2014-05-15 00:00:00', NULL, 99.99, 175.96),
	(143, 1, '2014-05-22 00:00:00', NULL, 99.99, 175.96),
	(144, 1, '2014-05-22 00:00:00', NULL, 99.99, 175.96),
	(145, 1, '2014-05-22 00:00:00', NULL, 99.99, 175.96),
	(146, 1, '2014-05-22 00:00:00', NULL, 99.99, 175.96),
	(147, 1, '2014-05-22 00:00:00', NULL, 99.99, 175.96),
	(148, 1, '2014-05-22 00:00:00', NULL, 21.54, 175.96),
	(149, 1, '2014-05-22 00:00:00', NULL, 21.00, 175.96),
	(150, 1, '2014-05-22 00:00:00', NULL, 99.99, 175.96),
	(151, 1, '2014-05-22 00:00:00', NULL, 99.99, 175.96),
	(152, 1, '2014-05-22 00:00:00', NULL, 200.23, 175.96),
	(153, 1, '2014-05-22 00:00:00', NULL, 200.00, 175.96),
	(154, 1, '2014-05-22 00:00:00', NULL, 10.00, 175.96),
	(155, 1, '2014-05-22 14:25:15', NULL, 99.99, 175.96),
	(156, 1, '2014-05-22 14:25:38', NULL, 200.23, 175.96),
	(157, 1, '2014-05-22 14:26:13', NULL, 200.23, 175.96),
	(158, 1, '2014-05-22 14:29:06', NULL, 200.23, 175.96),
	(159, 1, '2014-05-22 14:31:57', NULL, 200.25, 175.96),
	(160, 1, '2014-05-22 14:35:10', NULL, 200.25, 175.96),
	(161, 1, '2014-05-22 14:37:34', NULL, 200.25, 175.96),
	(162, 1, '2014-05-22 14:39:40', NULL, 200.27, 175.96),
	(163, 1, '2014-05-22 14:46:21', NULL, 175.95, 162.69),
	(164, 1, '2014-05-22 14:50:29', NULL, 162.69, 162.69),
	(165, 1, '2014-05-22 14:57:37', NULL, 162.69, 162.69),
	(166, 1, '2014-05-22 14:59:04', NULL, 162.64, 162.64),
	(167, 1, '2014-05-22 15:05:07', NULL, 162.64, 162.64),
	(168, 1, '2014-05-22 15:08:14', NULL, 162.64, 162.64),
	(169, 1, '2014-05-22 15:11:01', NULL, 162.64, 162.64),
	(170, 1, '2014-05-22 15:15:01', NULL, 162.64, 151.59),
	(171, 1, '2014-05-22 17:19:23', NULL, 151.59, 151.59),
	(172, 1, '2014-05-23 15:49:24', NULL, 151.59, 151.59),
	(173, 1, '2014-05-23 15:53:17', NULL, 151.59, 151.59),
	(174, 1, '2014-05-26 13:20:36', NULL, 151.59, 151.59),
	(175, 1, '2014-05-26 13:24:00', NULL, 151.59, 151.59),
	(176, 1, '2014-05-26 13:25:15', NULL, 151.59, 151.59),
	(177, 1, '2014-05-26 13:26:36', NULL, 151.59, 151.59),
	(178, 1, '2014-05-26 13:29:40', NULL, 151.59, 151.59),
	(179, 1, '2014-05-26 14:45:35', NULL, 151.59, 151.59),
	(180, 1, '2014-05-26 16:34:41', NULL, 151.59, 151.59),
	(181, 1, '2014-05-26 16:35:56', NULL, 151.59, 151.59),
	(182, 1, '2014-05-26 16:37:10', NULL, 151.59, 151.59),
	(183, 1, '2014-05-26 16:38:28', NULL, 151.59, 151.59),
	(184, 1, '2014-05-26 16:39:45', NULL, 151.59, 151.59),
	(185, 1, '2014-05-26 16:43:34', NULL, 151.59, 151.59),
	(186, 1, '2014-05-26 16:46:40', NULL, 151.59, 151.59),
	(187, 1, '2014-05-26 17:05:17', NULL, 151.59, 151.59),
	(188, 1, '2014-05-26 17:08:38', NULL, 151.59, 151.59),
	(189, 1, '2014-05-26 17:09:20', NULL, 151.59, 151.59),
	(190, 1, '2014-05-27 15:05:07', NULL, 151.59, 151.59),
	(191, 1, '2014-05-28 13:11:47', NULL, 151.59, -252.25),
	(192, 1, '2014-05-28 15:12:11', NULL, 252.25, -862.23),
	(193, 1, '2014-05-28 15:16:26', NULL, 800.00, 800.00),
	(194, 1, '2014-05-28 15:18:00', NULL, 800.00, 688.09),
	(195, 1, '2014-05-28 15:21:41', NULL, 688.09, -108.94),
	(196, 1, '2014-05-28 15:42:29', NULL, 800.00, 788.95),
	(197, 1, '2014-05-28 15:45:37', NULL, 788.95, 788.95),
	(198, 1, '2014-05-28 15:48:57', NULL, 788.95, 788.95),
	(199, 1, '2014-05-28 15:51:05', NULL, 788.95, 788.95),
	(200, 1, '2014-05-28 15:52:24', NULL, 788.95, 788.95),
	(201, 1, '2014-05-28 15:57:56', NULL, 788.95, 788.95),
	(202, 1, '2014-05-28 15:59:17', NULL, 788.95, 788.95),
	(203, 1, '2014-05-28 16:01:46', NULL, 788.95, 788.95),
	(204, 1, '2014-05-28 16:02:43', NULL, 788.95, 788.95),
	(205, 1, '2014-05-28 16:03:10', NULL, 788.95, 788.95),
	(206, 1, '2014-05-28 16:04:19', NULL, 788.95, 788.95),
	(207, 1, '2014-05-28 16:06:46', NULL, 788.95, 788.95),
	(208, 1, '2014-05-28 16:10:57', NULL, 788.95, 788.95),
	(209, 1, '2014-05-28 16:13:39', NULL, 788.95, 788.95),
	(210, 1, '2014-05-28 16:14:52', NULL, 788.95, 788.95),
	(211, 1, '2014-05-28 16:17:45', NULL, 788.95, 788.95),
	(212, 1, '2014-05-28 16:21:24', NULL, 788.95, 788.95),
	(213, 1, '2014-05-28 16:24:17', NULL, 788.95, 788.95),
	(214, 1, '2014-05-28 16:24:44', NULL, 788.95, 788.95),
	(215, 1, '2014-05-28 16:25:12', NULL, 788.95, 788.95),
	(216, 1, '2014-05-28 16:29:31', NULL, 788.95, 788.95),
	(217, 1, '2014-05-28 16:31:53', NULL, 788.95, 788.95),
	(218, 1, '2014-05-28 16:33:30', NULL, 788.95, 788.95),
	(219, 1, '2014-05-28 16:35:31', NULL, 788.95, 788.95),
	(220, 1, '2014-05-28 16:36:34', NULL, 788.95, 788.95),
	(221, 1, '2014-05-28 16:37:46', NULL, 788.95, 788.95),
	(222, 1, '2014-05-28 16:39:23', NULL, 788.95, 788.95),
	(223, 1, '2014-05-28 16:40:38', NULL, 788.95, 788.95),
	(224, 1, '2014-05-28 16:41:46', NULL, 788.95, 788.95),
	(225, 1, '2014-05-28 16:50:42', NULL, 788.95, 788.95),
	(226, 1, '2014-05-28 16:52:06', NULL, 788.95, 788.95),
	(227, 1, '2014-05-29 13:57:58', NULL, 788.95, 788.95),
	(228, 1, '2014-05-29 13:59:35', NULL, 788.95, 788.95),
	(229, 1, '2014-05-29 14:02:10', NULL, 788.95, 788.95),
	(230, 1, '2014-05-29 14:08:18', NULL, 788.95, 788.95),
	(231, 1, '2014-05-29 14:10:11', NULL, 788.95, 788.95),
	(232, 1, '2014-05-29 14:17:40', NULL, 788.95, 788.95),
	(233, 1, '2014-05-29 14:20:46', NULL, 788.95, 788.95),
	(234, 1, '2014-05-29 14:29:46', NULL, 788.95, 788.95),
	(235, 1, '2014-05-29 14:46:51', NULL, 788.95, 788.95),
	(236, 2, '2014-05-29 14:47:10', NULL, 788.95, 788.95),
	(237, 1, '2014-05-29 15:24:41', '2014-05-29 15:24:42', 788.95, 788.95),
	(238, 1, '2014-05-29 15:24:51', '2014-05-29 15:24:54', 788.95, 788.95),
	(239, 1, '2014-05-29 15:24:59', '2014-05-29 15:25:06', 788.95, 788.95),
	(240, 1, '2014-05-29 15:26:23', '2014-05-29 15:26:25', 788.95, 788.95),
	(241, 1, '2014-05-29 15:26:40', NULL, 788.95, 788.95),
	(242, 1, '2014-05-29 15:29:42', '2014-05-29 15:29:49', 788.95, 788.95),
	(243, 1, '2014-05-29 15:45:40', '2014-05-29 15:45:47', 788.95, 788.95),
	(244, 1, '2014-05-29 15:45:51', '2014-05-29 15:45:57', 788.95, 788.95),
	(245, 1, '2014-05-29 15:46:00', NULL, 788.95, 788.95),
	(246, 1, '2014-05-29 15:50:41', NULL, 788.95, 788.95),
	(247, 1, '2014-05-29 15:51:59', NULL, 788.95, 788.95),
	(248, 1, '2014-05-29 15:57:05', NULL, 788.95, 788.95),
	(249, 1, '2014-05-30 14:58:19', NULL, 788.95, 788.95),
	(250, 1, '2014-05-30 15:00:24', NULL, 788.95, 788.95),
	(251, 1, '2014-05-30 15:06:35', NULL, 788.95, 788.95),
	(252, 1, '2014-05-30 15:08:34', NULL, 788.95, 788.95),
	(253, 1, '2014-05-30 15:10:20', NULL, 788.95, 788.95),
	(254, 1, '2014-05-30 15:11:43', NULL, 788.95, 788.95),
	(255, 1, '2014-05-30 15:15:51', NULL, 788.95, 788.95),
	(256, 2, '2014-05-30 15:19:19', NULL, 788.95, 734.10),
	(257, 1, '2014-05-30 15:42:01', NULL, 734.10, 734.10),
	(258, 1, '2014-05-30 15:47:58', NULL, 734.10, 734.10),
	(259, 1, '2014-05-30 15:54:26', NULL, 734.10, 734.10),
	(260, 1, '2014-05-30 16:01:03', NULL, 734.10, 734.10),
	(261, 1, '2014-05-30 16:05:59', NULL, 734.10, 734.10),
	(262, 1, '2014-05-30 16:23:31', NULL, 734.10, 734.10),
	(263, 1, '2014-05-30 16:25:29', NULL, 734.10, 734.10),
	(264, 1, '2014-05-30 16:32:17', NULL, 734.10, 734.10),
	(265, 1, '2014-05-30 16:36:04', NULL, 734.10, 734.10),
	(266, 1, '2014-06-02 13:31:24', NULL, 734.10, 734.10),
	(267, 1, '2014-06-02 13:34:44', NULL, 734.10, 734.10),
	(268, 1, '2014-06-02 13:49:22', NULL, 734.10, 734.10),
	(269, 1, '2014-06-02 14:11:09', NULL, 734.10, 734.10),
	(270, 1, '2014-06-02 14:12:29', NULL, 734.10, 734.10),
	(271, 1, '2014-06-02 14:15:02', NULL, 734.10, 734.10),
	(272, 1, '2014-06-02 14:17:01', NULL, 734.10, 734.10),
	(273, 1, '2014-06-02 14:25:33', NULL, 734.10, 734.10),
	(274, 1, '2014-06-02 14:33:14', NULL, 734.10, 734.10),
	(275, 1, '2014-06-02 14:38:44', NULL, 734.10, 734.10),
	(276, 1, '2014-06-02 14:40:09', NULL, 734.10, 734.10),
	(277, 1, '2014-06-02 14:44:31', NULL, 734.10, 734.10),
	(278, 1, '2014-06-02 14:47:55', NULL, 734.10, 734.10),
	(279, 1, '2014-06-02 14:54:27', NULL, 734.10, 679.25),
	(280, 1, '2014-06-02 15:02:34', NULL, 679.25, 679.25),
	(281, 1, '2014-06-02 15:04:59', NULL, 679.25, 679.25),
	(282, 1, '2014-06-02 15:07:56', NULL, 679.25, 679.25),
	(283, 1, '2014-06-02 15:09:00', NULL, 679.25, 679.25),
	(284, 1, '2014-06-02 15:19:02', NULL, 679.25, 679.25),
	(285, 1, '2014-06-02 15:56:47', NULL, 679.25, 679.25),
	(286, 1, '2014-06-02 15:59:22', NULL, 679.25, 679.25),
	(287, 1, '2014-06-02 16:01:08', NULL, 679.25, 679.25),
	(288, 1, '2014-06-02 16:01:28', NULL, 679.25, 679.25),
	(289, 1, '2014-06-02 16:03:13', NULL, 679.25, 679.25),
	(290, 1, '2014-06-02 16:04:33', NULL, 679.25, 679.25),
	(291, 1, '2014-06-02 16:06:01', NULL, 679.25, 679.25),
	(292, 1, '2014-06-02 16:07:38', NULL, 679.25, 679.25),
	(293, 1, '2014-06-02 16:10:07', NULL, 679.25, 679.25),
	(294, 1, '2014-06-02 16:11:57', NULL, 679.25, 679.25),
	(295, 1, '2014-06-02 16:13:07', NULL, 679.25, 679.25),
	(296, 1, '2014-06-02 16:15:34', NULL, 679.25, 679.25),
	(297, 1, '2014-06-02 16:20:32', NULL, 679.25, 679.25),
	(298, 1, '2014-06-02 16:21:21', NULL, 679.25, 679.25),
	(299, 1, '2014-06-02 16:22:30', NULL, 679.25, 679.25),
	(300, 1, '2014-06-02 16:24:25', NULL, 679.25, 679.25),
	(301, 1, '2014-06-02 16:25:59', NULL, 679.25, 679.25),
	(302, 1, '2014-06-02 16:31:57', NULL, 679.25, 679.25),
	(303, 1, '2014-06-02 16:33:08', NULL, 679.25, 679.25),
	(304, 1, '2014-06-02 16:35:20', NULL, 679.25, 679.25),
	(305, 1, '2014-06-02 16:36:30', NULL, 679.25, 679.25),
	(306, 1, '2014-06-02 16:37:33', NULL, 679.25, 679.25),
	(307, 1, '2014-06-02 16:38:56', NULL, 679.25, 679.25),
	(308, 1, '2014-06-02 16:47:54', NULL, 679.25, 679.25),
	(309, 1, '2014-06-02 16:49:02', NULL, 679.25, 679.25),
	(310, 1, '2014-06-02 16:52:13', NULL, 679.25, 679.25),
	(311, 1, '2014-06-02 16:53:46', NULL, 679.25, 679.25),
	(312, 1, '2014-06-02 16:54:47', NULL, 679.25, 679.25),
	(313, 1, '2014-06-02 16:56:40', NULL, 679.25, 679.25),
	(314, 1, '2014-06-02 16:58:31', NULL, 679.25, 679.25),
	(315, 1, '2014-06-03 14:30:21', NULL, 679.25, 679.25),
	(316, 1, '2014-06-03 14:35:15', NULL, 679.25, 679.25),
	(317, 1, '2014-06-03 14:41:50', NULL, 679.25, 679.25),
	(318, 1, '2014-06-03 14:43:45', NULL, 679.25, 679.25),
	(319, 1, '2014-06-03 14:48:11', NULL, 679.25, 679.25),
	(320, 1, '2014-06-03 14:52:19', NULL, 679.25, 679.25),
	(321, 1, '2014-06-03 14:54:58', NULL, 679.25, 679.25),
	(322, 1, '2014-06-03 14:59:17', NULL, 679.25, 679.25),
	(323, 1, '2014-06-03 15:31:18', NULL, 679.25, 679.25),
	(324, 1, '2014-06-03 15:36:31', NULL, 679.25, 679.25),
	(325, 1, '2014-06-03 15:36:50', NULL, 679.25, 679.25),
	(326, 1, '2014-06-03 15:45:00', NULL, 679.25, 679.25),
	(327, 1, '2014-06-03 15:51:42', NULL, 679.25, 679.25),
	(328, 1, '2014-06-03 16:02:57', NULL, 679.25, 679.25),
	(329, 1, '2014-06-03 16:06:33', NULL, 5.00, 5.00),
	(330, 1, '2014-06-03 16:20:12', NULL, 5.00, 5.00),
	(331, 1, '2014-06-03 16:22:43', NULL, 5.00, 5.00),
	(332, 1, '2014-06-03 16:24:45', NULL, 5.00, 5.00),
	(333, 1, '2014-06-03 16:26:24', NULL, 5.00, 5.00),
	(334, 1, '2014-06-03 16:38:14', NULL, 215.00, 215.00),
	(335, 1, '2014-06-03 16:41:11', NULL, 215.00, 215.00),
	(336, 1, '2014-06-03 16:50:17', NULL, 215.00, 215.00),
	(337, 1, '2014-06-03 16:52:54', NULL, 215.00, 215.00),
	(338, 1, '2014-06-04 14:08:15', NULL, 215.00, 215.00),
	(339, 1, '2014-06-04 14:12:42', NULL, 215.00, 215.00),
	(340, 1, '2014-06-04 14:13:41', NULL, 215.00, 215.00),
	(341, 1, '2014-06-04 14:18:43', NULL, 215.00, 215.00),
	(342, 1, '2014-06-04 14:28:31', NULL, 215.00, 215.00),
	(343, 1, '2014-06-04 14:33:43', NULL, 215.00, 215.00),
	(344, 1, '2014-06-04 14:35:03', NULL, 215.00, 215.00),
	(345, 1, '2014-06-04 14:42:55', NULL, 215.00, 215.00),
	(346, 1, '2014-06-04 14:50:30', NULL, 215.00, 215.00),
	(347, 1, '2014-06-04 14:53:22', NULL, 215.00, 215.00),
	(348, 1, '2014-06-04 14:57:05', NULL, 215.00, 215.00),
	(349, 1, '2014-06-04 14:58:30', NULL, 215.00, 215.00),
	(350, 1, '2014-06-04 15:00:00', NULL, 215.00, 215.00),
	(351, 1, '2014-06-04 15:02:19', NULL, 215.00, 215.00),
	(352, 1, '2014-06-04 15:03:26', NULL, 215.00, 215.00),
	(353, 1, '2014-06-04 15:05:47', NULL, 215.00, 215.00),
	(354, 1, '2014-06-04 15:07:23', NULL, 215.00, 215.00),
	(355, 1, '2014-06-04 15:11:14', NULL, 215.00, 215.00),
	(356, 1, '2014-06-04 15:13:04', NULL, 215.00, 215.00),
	(357, 1, '2014-06-04 15:19:29', NULL, 215.00, 215.00),
	(358, 1, '2014-06-04 15:30:31', NULL, 215.00, 215.00),
	(359, 1, '2014-06-04 15:37:30', NULL, 215.00, 215.00),
	(360, 1, '2014-06-04 15:51:13', NULL, 215.00, 215.00),
	(361, 1, '2014-06-04 15:56:30', NULL, 215.00, 215.00),
	(362, 1, '2014-06-04 16:06:11', NULL, 215.00, 215.00),
	(363, 1, '2014-06-04 16:09:56', NULL, 215.00, 215.00),
	(364, 1, '2014-06-04 16:20:24', NULL, 215.00, 215.00),
	(365, 1, '2014-06-04 16:22:25', NULL, 215.00, 215.00),
	(366, 1, '2014-06-04 16:23:53', NULL, 215.00, 215.00),
	(367, 1, '2014-06-04 16:29:47', NULL, 215.00, 215.00),
	(368, 1, '2014-06-04 16:32:13', NULL, 215.00, 215.00),
	(369, 1, '2014-06-04 16:35:20', NULL, 215.00, 215.00),
	(370, 1, '2014-06-04 16:38:25', NULL, 215.00, 215.00),
	(371, 1, '2014-06-04 16:39:57', NULL, 215.00, 215.00),
	(372, 1, '2014-06-04 16:45:26', NULL, 2344.00, 2344.00),
	(373, 1, '2014-06-04 17:01:43', NULL, 2344.00, 2344.00),
	(374, 1, '2014-06-04 17:06:04', NULL, 2344.00, 2344.00),
	(375, 1, '2014-06-04 17:09:30', NULL, 2344.00, 2344.00),
	(376, 1, '2014-06-04 17:14:10', NULL, 2344.00, 2344.00),
	(377, 1, '2014-06-04 17:21:20', NULL, 2344.00, 2344.00),
	(378, 1, '2014-06-05 12:42:01', NULL, 2344.00, 2344.00),
	(379, 1, '2014-06-05 12:49:07', NULL, 2344.00, 2344.00),
	(380, 1, '2014-06-05 12:53:06', NULL, 2344.00, 2344.00),
	(381, 1, '2014-06-05 12:54:15', NULL, 2344.00, 2344.00),
	(382, 1, '2014-06-05 12:56:34', NULL, 2344.00, 2344.00),
	(383, 1, '2014-06-05 12:57:55', NULL, 2344.00, 2344.00),
	(384, 1, '2014-06-05 12:58:54', NULL, 2344.00, 2344.00),
	(385, 1, '2014-06-05 13:00:30', NULL, 2344.00, 2344.00),
	(386, 1, '2014-06-05 13:06:36', NULL, 2344.00, 2344.00),
	(387, 1, '2014-06-05 13:08:38', NULL, 2344.00, 2344.00),
	(388, 1, '2014-06-05 13:10:01', NULL, 2344.00, 2344.00),
	(389, 1, '2014-06-05 13:12:14', NULL, 2344.00, 2344.00),
	(390, 1, '2014-06-05 13:12:44', NULL, 2344.00, 2344.00),
	(391, 1, '2014-06-05 13:15:33', NULL, 2344.00, 2344.00),
	(392, 1, '2014-06-05 13:16:41', NULL, 2344.00, 2344.00),
	(393, 1, '2014-06-05 13:18:25', NULL, 2344.00, 2388.00),
	(394, 1, '2014-06-05 13:22:46', NULL, 2388.00, 2538.00),
	(395, 1, '2014-06-05 14:02:58', NULL, 2538.00, 2538.00),
	(396, 1, '2014-06-05 14:06:30', NULL, 2538.00, 2538.00),
	(397, 1, '2014-06-05 14:08:15', NULL, 2538.00, 2538.00),
	(398, 1, '2014-06-05 14:12:47', NULL, 2538.00, 2715.30),
	(399, 1, '2014-06-05 14:34:44', NULL, 2715.30, 2730.70),
	(400, 1, '2014-06-05 15:13:39', NULL, 2730.70, 2752.70),
	(401, 1, '2014-06-05 15:20:46', NULL, 2752.70, 2755.70),
	(402, 1, '2014-06-05 15:39:33', NULL, 2755.70, 2755.70),
	(403, 1, '2014-06-05 15:41:12', NULL, 2755.70, 2755.70),
	(404, 1, '2014-06-05 16:17:39', NULL, 2755.70, 2755.70),
	(405, 1, '2014-06-05 16:22:50', NULL, 2755.70, 2755.70),
	(406, 4, '2014-06-05 16:26:22', '2014-06-05 16:34:13', 2755.70, 2694.52),
	(407, 1, '2014-06-05 16:36:22', NULL, 2694.52, 2694.52),
	(408, 1, '2014-06-05 16:40:34', '2014-06-05 16:41:56', 2694.52, 2697.52),
	(409, 1, '2014-06-05 16:42:01', NULL, 2697.52, 2697.52),
	(410, 1, '2014-06-05 16:48:44', NULL, 2697.52, 2697.52),
	(411, 1, '2014-06-05 16:53:15', NULL, 2697.52, 2700.52),
	(412, 1, '2014-06-05 16:55:18', NULL, 2700.52, 2700.52),
	(413, 1, '2014-06-05 16:58:03', NULL, 2700.52, 2700.52),
	(414, 1, '2014-06-06 07:53:09', NULL, 2700.52, 2700.52),
	(415, 1, '2014-06-06 09:23:26', NULL, 2700.52, 2700.52),
	(416, 1, '2014-06-06 09:29:50', NULL, 2700.52, 2836.52),
	(417, 1, '2014-06-06 09:43:32', NULL, 2836.52, 3037.52),
	(418, 1, '2014-06-06 09:49:50', NULL, 3037.52, 3037.52),
	(419, 1, '2014-06-06 09:53:24', NULL, 3037.52, 3037.52),
	(420, 1, '2014-06-06 10:18:42', '2014-06-06 10:18:52', 3037.52, 3037.52),
	(421, 1, '2014-06-06 10:18:56', NULL, 3037.52, 3037.52),
	(422, 1, '2014-06-06 11:47:39', NULL, 3037.52, 3037.52),
	(423, 1, '2014-06-06 11:49:55', NULL, 3037.52, 3037.52),
	(424, 1, '2014-06-06 11:50:28', NULL, 3037.52, 3037.52),
	(425, 1, '2014-06-06 11:52:20', NULL, 3037.52, 3037.52),
	(426, 1, '2014-06-06 11:56:15', NULL, 3037.52, 3037.52),
	(427, 1, '2014-06-06 11:59:57', NULL, 3037.52, 3037.52),
	(428, 1, '2014-06-06 12:03:20', NULL, 3037.52, 3774.52),
	(429, 1, '2014-06-06 12:33:31', NULL, 3774.52, 3774.52),
	(430, 1, '2014-06-06 12:38:47', NULL, 3774.52, 3774.52),
	(431, 1, '2014-06-06 12:47:35', NULL, 3774.52, 4555.52),
	(432, 1, '2014-06-06 12:48:59', NULL, 4555.52, 5358.52),
	(433, 1, '2014-06-06 12:56:43', NULL, 5358.52, 5358.52),
	(434, 1, '2014-06-06 12:58:58', NULL, 5358.52, 5402.52);
/*!40000 ALTER TABLE `caixa` ENABLE KEYS */;


-- Copiando estrutura para tabela pizzaria.classificacao
CREATE TABLE IF NOT EXISTS `classificacao` (
  `codCliente` int(10) NOT NULL,
  `codProduto` int(10) NOT NULL,
  `dataVoto` date NOT NULL,
  `nota` int(10) NOT NULL,
  PRIMARY KEY (`codCliente`,`codProduto`,`dataVoto`),
  KEY `codCliente` (`codCliente`),
  KEY `codProduto` (`codProduto`),
  CONSTRAINT `cliente` FOREIGN KEY (`codCliente`) REFERENCES `cliente` (`codCliente`) ON DELETE CASCADE,
  CONSTRAINT `pizza` FOREIGN KEY (`codProduto`) REFERENCES `produto` (`codProduto`) ON DELETE CASCADE
) ENGINE=InnoDB DEFAULT CHARSET=latin1;

-- Copiando dados para a tabela pizzaria.classificacao: ~8 rows (aproximadamente)
/*!40000 ALTER TABLE `classificacao` DISABLE KEYS */;
INSERT INTO `classificacao` (`codCliente`, `codProduto`, `dataVoto`, `nota`) VALUES
	(2, 6, '2014-04-25', 2),
	(2, 7, '2014-04-25', 2),
	(2, 12, '2014-04-25', 4),
	(3, 3, '2014-04-25', 1),
	(3, 4, '2014-04-25', 1);
/*!40000 ALTER TABLE `classificacao` ENABLE KEYS */;


-- Copiando estrutura para tabela pizzaria.cliente
CREATE TABLE IF NOT EXISTS `cliente` (
  `codCliente` int(10) NOT NULL AUTO_INCREMENT,
  `nomeCliente` varchar(50) DEFAULT NULL,
  `sobrenomeCliente` varchar(50) DEFAULT NULL,
  `sexoCliente` char(50) DEFAULT NULL,
  `enderecoCliente` varchar(50) DEFAULT NULL,
  `bairroCliente` varchar(50) DEFAULT NULL,
  `cidadeCliente` varchar(50) DEFAULT NULL,
  `telefoneCliente` varchar(50) DEFAULT NULL,
  `dataCadastro` date DEFAULT NULL,
  PRIMARY KEY (`codCliente`)
) ENGINE=InnoDB AUTO_INCREMENT=7 DEFAULT CHARSET=latin1;

-- Copiando dados para a tabela pizzaria.cliente: ~5 rows (aproximadamente)
/*!40000 ALTER TABLE `cliente` DISABLE KEYS */;
INSERT INTO `cliente` (`codCliente`, `nomeCliente`, `sobrenomeCliente`, `sexoCliente`, `enderecoCliente`, `bairroCliente`, `cidadeCliente`, `telefoneCliente`, `dataCadastro`) VALUES
	(2, 'Leonardo', 'Alves Freitas', 'M', 'Av. Fernando Costa; 982;', 'Parafuso', 'Cajati', '998885521', '2014-04-25'),
	(3, 'Leonardo ', 'Arantes', 'M', 'Rua Barretos; 43;', 'Jardim São Paulo', 'Registro', '(91)1897-521', '2014-04-25'),
	(4, 'Thomas', 'Thomas', 'M', 'Thomas; 2154; Thomas', 'Thomas', 'Thomas', '(00)0000-0000', '2014-05-22'),
	(5, 'Almoção', 'Pontes', 'M', 'Inhuguvira; 666; Fundo', 'Inhuguvira', 'Inhuguvira', '(00)0000-0007', '2014-06-05'),
	(6, 'Pedro Luiz', 'De Souza Moreira', 'M', 'Bacuri;210;', 'Jardim Botujuru', 'Jacupiranga', '(13) 99744-2247', '2014-06-06');
/*!40000 ALTER TABLE `cliente` ENABLE KEYS */;


-- Copiando estrutura para tabela pizzaria.compra
CREATE TABLE IF NOT EXISTS `compra` (
  `codCompra` int(10) NOT NULL AUTO_INCREMENT,
  `codCaixa` int(10) DEFAULT NULL,
  `dataHoraCompra` datetime DEFAULT NULL,
  `totalCompra` decimal(6,2) DEFAULT NULL,
  PRIMARY KEY (`codCompra`),
  KEY `codCaixa` (`codCaixa`)
) ENGINE=InnoDB AUTO_INCREMENT=18 DEFAULT CHARSET=latin1;

-- Copiando dados para a tabela pizzaria.compra: ~5 rows (aproximadamente)
/*!40000 ALTER TABLE `compra` DISABLE KEYS */;
INSERT INTO `compra` (`codCompra`, `codCaixa`, `dataHoraCompra`, `totalCompra`) VALUES
	(11, 195, '2014-05-28 15:22:07', 13.26),
	(13, 195, '2014-05-28 15:27:55', 474.16),
	(15, 256, '2014-05-30 15:19:27', 54.85),
	(16, 279, '2014-06-02 14:54:37', 54.85),
	(17, 406, '2014-06-05 16:28:56', 84.18);
/*!40000 ALTER TABLE `compra` ENABLE KEYS */;


-- Copiando estrutura para tabela pizzaria.conta
CREATE TABLE IF NOT EXISTS `conta` (
  `codConta` int(10) NOT NULL AUTO_INCREMENT,
  `codMesa` int(10) DEFAULT NULL,
  `codCliente` int(10) unsigned DEFAULT NULL,
  `codCaixa` int(10) DEFAULT NULL,
  `dataHoraConta` datetime DEFAULT NULL,
  `formaPagamento` varchar(50) DEFAULT NULL,
  `valorTotal` decimal(6,2) DEFAULT NULL,
  `valorPago` decimal(6,2) DEFAULT NULL,
  `statusPagamento` varchar(50) DEFAULT NULL,
  PRIMARY KEY (`codConta`)
) ENGINE=InnoDB AUTO_INCREMENT=56 DEFAULT CHARSET=latin1;

-- Copiando dados para a tabela pizzaria.conta: ~51 rows (aproximadamente)
/*!40000 ALTER TABLE `conta` DISABLE KEYS */;
INSERT INTO `conta` (`codConta`, `codMesa`, `codCliente`, `codCaixa`, `dataHoraConta`, `formaPagamento`, `valorTotal`, `valorPago`, `statusPagamento`) VALUES
	(1, 6, NULL, 1, '2014-05-22 15:29:12', NULL, NULL, NULL, NULL),
	(2, 6, NULL, 1, '2014-05-22 15:30:07', NULL, NULL, NULL, NULL),
	(3, 1, NULL, 334, '2014-06-03 16:38:18', NULL, NULL, NULL, NULL),
	(4, 1, NULL, 337, '2014-06-03 16:52:56', NULL, NULL, NULL, NULL),
	(5, 1, NULL, 338, '2014-06-04 14:08:18', NULL, NULL, NULL, NULL),
	(6, 1, NULL, 339, '2014-06-04 14:12:45', NULL, NULL, NULL, NULL),
	(7, 5, NULL, 340, '2014-06-04 14:13:44', NULL, NULL, NULL, NULL),
	(8, 1, NULL, 341, '2014-06-04 14:18:48', NULL, NULL, NULL, NULL),
	(9, 1, NULL, 342, '2014-06-04 14:28:37', NULL, NULL, NULL, NULL),
	(10, 1, NULL, 356, '2014-06-04 15:13:22', NULL, NULL, NULL, NULL),
	(11, 5, NULL, 357, '2014-06-04 15:19:52', NULL, NULL, NULL, NULL),
	(12, 5, NULL, 357, '2014-06-04 15:20:01', NULL, NULL, NULL, NULL),
	(13, 1, NULL, 357, '2014-06-04 15:22:34', NULL, NULL, NULL, NULL),
	(14, 1, NULL, 359, '2014-06-04 15:37:35', NULL, NULL, NULL, NULL),
	(15, 1, NULL, 360, '2014-06-04 15:51:18', NULL, NULL, NULL, NULL),
	(16, 1, NULL, 362, '2014-06-04 16:06:20', NULL, NULL, NULL, NULL),
	(17, 1, NULL, 363, '2014-06-04 16:10:05', NULL, NULL, NULL, NULL),
	(18, 1, NULL, 363, '2014-06-04 16:10:08', NULL, NULL, NULL, NULL),
	(19, 1, NULL, 364, '2014-06-04 16:20:31', 'Dinheiro', 44.00, 0.00, 'Em aberto'),
	(20, 1, NULL, 365, '2014-06-04 16:22:31', 'Dinheiro', 44.00, 0.00, 'Em aberto'),
	(21, 1, NULL, 366, '2014-06-04 16:23:58', 'Dinheiro', 44.00, 0.00, 'Em aberto'),
	(22, 1, NULL, 371, '2014-06-04 16:40:06', 'Dinheiro', 44.00, 1.00, 'Pago'),
	(23, 6, NULL, 372, '2014-06-04 16:45:52', 'Dinheiro', 96.00, 96.00, 'Pago'),
	(24, 1, NULL, 374, '2014-06-04 17:06:20', 'Dinheiro', 44.00, 44.00, 'Pago'),
	(25, 1, NULL, 375, '2014-06-04 17:09:52', 'Dinheiro', 44.00, 44.00, 'Pago'),
	(26, 5, NULL, 376, '2014-06-04 17:14:58', 'Dinheiro', 22.00, 22.00, 'Pago'),
	(27, 6, NULL, 377, '2014-06-04 17:22:16', 'Dinheiro', 96.00, 96.00, 'Pago'),
	(28, 1, NULL, 383, '2014-06-05 12:58:16', 'Dinheiro', 66.00, 66.00, 'Pago'),
	(29, 1, NULL, 384, '2014-06-05 12:59:14', 'Dinheiro', 44.00, 44.00, 'Pago'),
	(30, 13, NULL, 385, '2014-06-05 13:01:18', 'Dinheiro', 22.00, 22.00, 'Pago'),
	(31, 13, NULL, 385, '2014-06-05 13:01:34', 'Dinheiro', 22.00, 22.00, 'Pago'),
	(32, 8, NULL, 393, '2014-06-05 13:19:43', 'Dinheiro', 22.00, 22.00, 'Pago'),
	(33, 8, NULL, 393, '2014-06-05 13:20:12', 'Dinheiro', 22.00, 22.00, 'Pago'),
	(34, 9, NULL, 394, '2014-06-05 13:23:02', 'Dinheiro', 150.00, 150.00, 'Pago'),
	(35, 18, NULL, 398, '2014-06-05 14:19:57', 'Dinheiro', 177.30, 177.30, 'Pago'),
	(36, 3, NULL, 399, '2014-06-05 14:35:24', 'Dinheiro', 15.40, 15.40, 'Pago'),
	(37, 4, NULL, 400, '2014-06-05 15:14:11', 'Dinheiro', 22.00, 22.00, 'Pago'),
	(38, 4, NULL, 401, '2014-06-05 15:21:02', 'Dinheiro', 3.00, 3.00, 'Pago'),
	(39, 6, NULL, 406, '2014-06-05 16:32:44', 'Dinheiro', 23.00, 23.00, 'Pago'),
	(40, 3, NULL, 407, '2014-06-05 16:37:02', 'Dinheiro', 23.00, 23.00, 'Pago'),
	(41, 1, NULL, 408, '2014-06-05 16:41:02', 'Dinheiro', 3.00, 3.00, 'Pago'),
	(42, 0, 1, 411, '2014-06-05 16:53:34', 'Dinheiro', 3.00, 3.00, 'Pago'),
	(43, 20, NULL, 416, '2014-06-06 09:31:25', 'Dinheiro', 67.00, 67.00, 'Pago'),
	(44, 11, 5, 416, '2014-06-06 09:38:25', 'Dinheiro', 25.00, 25.00, 'Pago'),
	(45, 25, 4, 416, '2014-06-06 09:38:55', 'Dinheiro', 22.00, 22.00, 'Pago'),
	(46, 28, 5, 416, '2014-06-06 09:39:14', 'Dinheiro', 22.00, 22.00, 'Pago'),
	(47, 25, 2, 417, '2014-06-06 09:44:07', 'Dinheiro', 44.00, 44.00, 'Pago'),
	(48, 11, 5, 417, '2014-06-06 09:45:30', 'Dinheiro', 47.00, 0.00, 'Em aberto'),
	(49, 28, 5, 417, '2014-06-06 09:46:00', 'Dinheiro', 44.00, 0.00, 'Em aberto'),
	(50, 25, NULL, 417, '2014-06-06 09:46:33', 'Dinheiro', 66.00, 66.00, 'Pago'),
	(51, NULL, 1, 428, '2014-06-06 12:03:36', 'Dinheiro', 737.00, 737.00, 'Pago'),
	(52, NULL, 4, 431, '2014-06-06 12:47:51', 'Dinheiro', 781.00, 781.00, 'Pago'),
	(53, NULL, 3, 432, '2014-06-06 12:49:18', 'Dinheiro', 803.00, 803.00, 'Pago'),
	(54, NULL, 4, 434, '2014-06-06 12:59:17', 'Dinheiro', 44.00, 44.00, 'Pago'),
	(55, NULL, 4, 434, '2014-06-06 12:59:17', 'Dinheiro', 44.00, 44.00, 'Pago');
/*!40000 ALTER TABLE `conta` ENABLE KEYS */;


-- Copiando estrutura para tabela pizzaria.estoque
CREATE TABLE IF NOT EXISTS `estoque` (
  `codEstoque` int(10) NOT NULL AUTO_INCREMENT,
  `descricaoEstoque` varchar(50) DEFAULT NULL,
  PRIMARY KEY (`codEstoque`)
) ENGINE=InnoDB AUTO_INCREMENT=8 DEFAULT CHARSET=latin1;

-- Copiando dados para a tabela pizzaria.estoque: ~7 rows (aproximadamente)
/*!40000 ALTER TABLE `estoque` DISABLE KEYS */;
INSERT INTO `estoque` (`codEstoque`, `descricaoEstoque`) VALUES
	(1, 'Leite'),
	(2, 'Laticinios'),
	(3, 'Massa'),
	(4, 'Frios'),
	(5, 'Latas De Cerveja'),
	(6, 'Sucos'),
	(7, 'Almoção');
/*!40000 ALTER TABLE `estoque` ENABLE KEYS */;


-- Copiando estrutura para tabela pizzaria.fornecedor
CREATE TABLE IF NOT EXISTS `fornecedor` (
  `codFornecedor` int(11) NOT NULL AUTO_INCREMENT,
  `cnpj` varchar(50) NOT NULL,
  `razaoSocial` varchar(255) DEFAULT NULL,
  `nomeFantasia` varchar(255) DEFAULT NULL,
  `ramoAtividade` varchar(400) DEFAULT NULL,
  `dadosBancarios` varchar(400) DEFAULT NULL,
  `telefoneFornecedor` varchar(255) DEFAULT NULL,
  `emailFornecedor` varchar(255) DEFAULT NULL,
  `enderecoFonecedor` varchar(255) DEFAULT NULL,
  `bairroFornecedor` varchar(255) DEFAULT NULL,
  `cidadeFornecedor` varchar(70) DEFAULT NULL,
  `ufFornecedor` varchar(50) DEFAULT NULL,
  `paisFornecedor` varchar(255) DEFAULT NULL,
  `CEPFornecedor` varchar(255) DEFAULT NULL,
  PRIMARY KEY (`codFornecedor`,`cnpj`)
) ENGINE=InnoDB AUTO_INCREMENT=4 DEFAULT CHARSET=latin1;

-- Copiando dados para a tabela pizzaria.fornecedor: ~3 rows (aproximadamente)
/*!40000 ALTER TABLE `fornecedor` DISABLE KEYS */;
INSERT INTO `fornecedor` (`codFornecedor`, `cnpj`, `razaoSocial`, `nomeFantasia`, `ramoAtividade`, `dadosBancarios`, `telefoneFornecedor`, `emailFornecedor`, `enderecoFonecedor`, `bairroFornecedor`, `cidadeFornecedor`, `ufFornecedor`, `paisFornecedor`, `CEPFornecedor`) VALUES
	(1, '000.000.000-00', 'Thomas', 'adolfo', 'almoção', 'pedroke', '(00)0000-0000', 'example@example.com', '3565;  pedroke', 'algodao', 'sacoCheio', 'Piauí (PI)', 'mirtes', '11950-000'),
	(2, '000.000.000-01', 'Leonardo', 'Nobilis', 'Alimenticios', '000000000', '(00)0000-0000', 'Example@Example.Com', '000000;  Senhor', 'Lova Deus', 'Jacupiranga', 'Piauí (PI)', 'Brasil', '  ,   -'),
	(3, '000,000,000-77', 'Almoc', 'Almoção', 'Almoçar', 'Almos', '(00)0000-0007', 'Almo@Cocus', '545;  Inhuguviras', 'Inhuguvira', 'Cajatao', 'Rio de Janeiro (RJ)', 'Brasil', '11,950-000');
/*!40000 ALTER TABLE `fornecedor` ENABLE KEYS */;


-- Copiando estrutura para tabela pizzaria.funcionario
CREATE TABLE IF NOT EXISTS `funcionario` (
  `codFuncionario` int(10) NOT NULL AUTO_INCREMENT,
  `rgFuncionario` varchar(50) DEFAULT NULL,
  `cpfFuncionario` varchar(50) DEFAULT NULL,
  `loginFuncionario` varchar(50) DEFAULT NULL,
  `senhaFuncionario` varchar(50) DEFAULT NULL,
  `nomeFuncionario` varchar(70) DEFAULT NULL,
  `sobrenomeFuncionario` varchar(70) DEFAULT NULL,
  `enderecoFuncionario` varchar(50) DEFAULT NULL,
  `bairroFuncionario` varchar(50) DEFAULT NULL,
  `cidadeFuncionario` varchar(50) DEFAULT NULL,
  `salarioFuncionario` decimal(7,2) DEFAULT NULL,
  `cargoFuncionario` varchar(50) DEFAULT NULL,
  `telefoneFuncionario` varchar(50) DEFAULT NULL,
  `emailFuncionario` varchar(50) DEFAULT NULL,
  `celularFuncionario` varchar(50) DEFAULT NULL,
  PRIMARY KEY (`codFuncionario`)
) ENGINE=InnoDB AUTO_INCREMENT=5 DEFAULT CHARSET=latin1;

-- Copiando dados para a tabela pizzaria.funcionario: ~4 rows (aproximadamente)
/*!40000 ALTER TABLE `funcionario` DISABLE KEYS */;
INSERT INTO `funcionario` (`codFuncionario`, `rgFuncionario`, `cpfFuncionario`, `loginFuncionario`, `senhaFuncionario`, `nomeFuncionario`, `sobrenomeFuncionario`, `enderecoFuncionario`, `bairroFuncionario`, `cidadeFuncionario`, `salarioFuncionario`, `cargoFuncionario`, `telefoneFuncionario`, `emailFuncionario`, `celularFuncionario`) VALUES
	(1, '00,000,000-0', '000,000,000-00', 'admin', 'admin', 'Leonardus', 'Alves', 'Av Fernando Costa, 1997', 'Parafuso', 'Cajati', 99.99, 'Administrador', '(36)9589-7400', 'leonardo@leonardo', '(54)8798-6500'),
	(2, '00,000,000-0', '000,000,000-00', 'Leonardo', '123', 'Thomas', 'Thomas', 'Thomas , 5248, Thomas', 'Thomas', 'Thomas', 99.99, 'Thomas', '(00)0000-0000', 'thomas', '(  )    -'),
	(3, '00,000,000-2', '000,000,000-00', 'pedrok', '123', 'Pedro', 'Kushiosse', '54444; Zetinho', 'Pedrolania', 'Jacu', 999.00, 'Faxinero', '(22)1222-2121', 'pedro@exprecao.regular', '(32)3323-2323'),
	(4, '00,000,000-7', '000,000,000-07', 'cocus', '1234', 'Almococus', 'Almoção', 'Inhuguvira , 666, Fundo', 'Inhughuvira', 'Inhuguvira', 66666.00, 'Engenheiro', '(00)0000-0007', 'almo@cocus', '(00)0000-0007');
/*!40000 ALTER TABLE `funcionario` ENABLE KEYS */;


-- Copiando estrutura para tabela pizzaria.historicomesa
CREATE TABLE IF NOT EXISTS `historicomesa` (
  `codHistorico` int(10) NOT NULL AUTO_INCREMENT,
  `codMesa` int(10) NOT NULL,
  `dataHoraAbertura` datetime NOT NULL,
  `dataHoraFechamento` datetime NOT NULL,
  PRIMARY KEY (`codHistorico`)
) ENGINE=InnoDB AUTO_INCREMENT=61 DEFAULT CHARSET=latin1;

-- Copiando dados para a tabela pizzaria.historicomesa: ~60 rows (aproximadamente)
/*!40000 ALTER TABLE `historicomesa` DISABLE KEYS */;
INSERT INTO `historicomesa` (`codHistorico`, `codMesa`, `dataHoraAbertura`, `dataHoraFechamento`) VALUES
	(1, 6, '2014-05-22 15:26:50', '2014-06-04 17:22:56'),
	(2, 13, '2014-05-22 15:26:57', '2014-06-03 14:59:40'),
	(3, 7, '2014-05-22 15:27:00', '2014-06-03 14:59:58'),
	(4, 1, '2014-05-26 16:37:22', '2014-06-04 17:09:55'),
	(5, 8, '2014-05-26 16:43:41', '2014-06-03 14:59:45'),
	(6, 2, '2014-05-26 16:44:04', '2014-06-03 14:59:56'),
	(7, 12, '2014-05-26 16:46:46', '2014-06-03 14:59:42'),
	(8, 29, '2014-05-26 17:08:51', '2014-06-03 14:59:26'),
	(9, 10, '2014-05-29 13:59:49', '0000-00-00 00:00:00'),
	(10, 5, '2014-05-29 14:02:18', '2014-05-30 16:34:50'),
	(11, 15, '2014-05-30 15:10:24', '2014-06-03 14:59:24'),
	(12, 4, '2014-05-30 16:06:05', '0000-00-00 00:00:00'),
	(13, 20, '2014-05-30 16:06:07', '2014-06-03 14:59:22'),
	(14, 9, '2014-05-30 16:23:38', '0000-00-00 00:00:00'),
	(15, 5, '2014-05-30 16:36:11', '2014-06-04 17:15:00'),
	(16, 4, '2014-06-03 14:30:31', '0000-00-00 00:00:00'),
	(17, 1, '2014-06-05 12:42:08', '2014-06-05 12:42:10'),
	(18, 1, '2014-06-05 12:42:12', '2014-06-05 12:54:41'),
	(19, 1, '2014-06-05 12:54:42', '2014-06-05 12:58:20'),
	(20, 1, '2014-06-05 12:58:57', '2014-06-05 12:59:32'),
	(21, 13, '2014-06-05 13:00:35', '2014-06-05 13:01:35'),
	(22, 1, '2014-06-05 13:01:37', '2014-06-05 13:01:41'),
	(23, 1, '2014-06-05 13:01:47', '2014-06-05 13:08:59'),
	(24, 6, '2014-06-05 13:01:48', '2014-06-05 14:17:38'),
	(25, 11, '2014-06-05 13:01:49', '2014-06-05 13:08:47'),
	(26, 16, '2014-06-05 13:01:51', '2014-06-05 13:01:59'),
	(27, 21, '2014-06-05 13:01:53', '2014-06-05 13:01:58'),
	(28, 12, '2014-06-05 13:02:00', '2014-06-05 13:22:53'),
	(29, 13, '2014-06-05 13:02:06', '2014-06-05 13:06:38'),
	(30, 14, '2014-06-05 13:02:08', '2014-06-05 13:22:51'),
	(31, 4, '2014-06-05 13:02:09', '2014-06-05 15:16:22'),
	(32, 3, '2014-06-05 13:02:11', '2014-06-05 14:35:43'),
	(33, 8, '2014-06-05 13:02:12', '2014-06-05 13:18:28'),
	(34, 18, '2014-06-05 13:02:13', '2014-06-05 13:22:52'),
	(35, 23, '2014-06-05 13:02:14', '2014-06-05 13:02:25'),
	(36, 24, '2014-06-05 13:02:16', '2014-06-05 13:02:24'),
	(37, 13, '2014-06-05 13:06:40', '2014-06-05 13:22:50'),
	(38, 11, '2014-06-05 13:08:56', '2014-06-05 13:22:54'),
	(39, 7, '2014-06-05 13:10:06', '2014-06-05 13:22:48'),
	(40, 2, '2014-06-05 13:12:18', '2014-06-05 14:17:39'),
	(41, 1, '2014-06-05 13:12:48', '2014-06-05 13:12:57'),
	(42, 9, '2014-06-05 13:12:59', '2014-06-05 13:23:04'),
	(43, 8, '2014-06-05 13:18:30', '2014-06-05 13:19:04'),
	(44, 8, '2014-06-05 13:19:06', '2014-06-05 13:19:46'),
	(45, 8, '2014-06-05 13:20:03', '2014-06-05 13:20:14'),
	(46, 8, '2014-06-05 14:17:41', '2014-06-05 14:18:39'),
	(47, 13, '2014-06-05 14:17:42', '2014-06-05 14:18:34'),
	(48, 18, '2014-06-05 14:17:43', '2014-06-05 14:20:01'),
	(49, 23, '2014-06-05 14:17:45', '2014-06-05 14:18:37'),
	(50, 28, '2014-06-05 14:17:46', '0000-00-00 00:00:00'),
	(51, 27, '2014-06-05 14:17:48', '0000-00-00 00:00:00'),
	(52, 19, '2014-06-05 14:17:52', '2014-06-05 14:18:36'),
	(53, 20, '2014-06-05 14:17:53', '2014-06-06 09:31:38'),
	(54, 25, '2014-06-05 14:17:55', '2014-06-06 09:47:01'),
	(55, 12, '2014-06-05 14:17:57', '2014-06-05 14:18:35'),
	(56, 11, '2014-06-05 14:17:58', '0000-00-00 00:00:00'),
	(57, 6, '2014-06-05 14:18:00', '2014-06-05 16:33:07'),
	(58, 4, '2014-06-05 15:19:38', '2014-06-05 15:21:26'),
	(59, 3, '2014-06-05 16:17:46', '2014-06-05 16:37:24'),
	(60, 1, '2014-06-05 16:17:47', '2014-06-05 16:41:10');
/*!40000 ALTER TABLE `historicomesa` ENABLE KEYS */;


-- Copiando estrutura para tabela pizzaria.itemcompra
CREATE TABLE IF NOT EXISTS `itemcompra` (
  `codCompra` int(10) NOT NULL,
  `codProduto` int(10) NOT NULL,
  `quantidade` int(11) DEFAULT NULL,
  `subtotal` decimal(6,2) DEFAULT NULL,
  KEY `codCompra` (`codCompra`),
  KEY `codProduto` (`codProduto`),
  CONSTRAINT `codCompra` FOREIGN KEY (`codCompra`) REFERENCES `compra` (`codCompra`) ON DELETE CASCADE,
  CONSTRAINT `codProduto` FOREIGN KEY (`codProduto`) REFERENCES `produto` (`codProduto`)
) ENGINE=InnoDB DEFAULT CHARSET=latin1;

-- Copiando dados para a tabela pizzaria.itemcompra: ~13 rows (aproximadamente)
/*!40000 ALTER TABLE `itemcompra` DISABLE KEYS */;
INSERT INTO `itemcompra` (`codCompra`, `codProduto`, `quantidade`, `subtotal`) VALUES
	(11, 15, 1, 2.21),
	(11, 15, 5, 11.05),
	(13, 15, 1, 2.21),
	(13, 15, 5, 11.05),
	(13, 15, 5, 11.05),
	(13, 15, 5, 11.05),
	(13, 16, 5, 274.25),
	(13, 16, 3, 164.55),
	(15, 16, 1, 54.85),
	(16, 16, 1, 54.85),
	(17, 15, 3, 6.63),
	(17, 16, 3, 15.00),
	(17, 17, 3, 62.55);
/*!40000 ALTER TABLE `itemcompra` ENABLE KEYS */;


-- Copiando estrutura para tabela pizzaria.itemestoque
CREATE TABLE IF NOT EXISTS `itemestoque` (
  `codProduto` int(10) NOT NULL,
  `codEstoque` int(10) NOT NULL,
  `lote` varchar(50) DEFAULT NULL,
  `quantidade` int(10) DEFAULT NULL,
  `quantidadeMin` int(10) DEFAULT NULL,
  `dataValidade` date DEFAULT NULL,
  KEY `codProduto` (`codProduto`),
  KEY `codEstoque` (`codEstoque`),
  CONSTRAINT `Estoque` FOREIGN KEY (`codEstoque`) REFERENCES `estoque` (`codEstoque`) ON DELETE CASCADE,
  CONSTRAINT `Produto` FOREIGN KEY (`codProduto`) REFERENCES `produto` (`codProduto`) ON DELETE CASCADE
) ENGINE=InnoDB DEFAULT CHARSET=latin1;

-- Copiando dados para a tabela pizzaria.itemestoque: ~5 rows (aproximadamente)
/*!40000 ALTER TABLE `itemestoque` DISABLE KEYS */;
INSERT INTO `itemestoque` (`codProduto`, `codEstoque`, `lote`, `quantidade`, `quantidadeMin`, `dataValidade`) VALUES
	(15, 1, '5421455', 10, 1, '0000-00-00'),
	(15, 5, '3654687', 10, 1, '0000-00-00'),
	(15, 3, '654984', 10, 4, '0000-00-00'),
	(16, 6, 'lote3', 10, 1, '0000-00-00'),
	(16, 7, 'almoção', 12, 3, '0000-00-00');
/*!40000 ALTER TABLE `itemestoque` ENABLE KEYS */;


-- Copiando estrutura para tabela pizzaria.itemfornecido
CREATE TABLE IF NOT EXISTS `itemfornecido` (
  `codFornecimento` int(11) NOT NULL,
  `codFornecedor` int(11) DEFAULT NULL,
  `codProduto` int(11) DEFAULT NULL,
  `quantidade` int(11) DEFAULT NULL,
  `lote` varchar(50) DEFAULT NULL,
  `dataHoraFornecimento` datetime DEFAULT NULL,
  PRIMARY KEY (`codFornecimento`),
  KEY `codFornecedor` (`codFornecedor`),
  KEY `codProduto` (`codProduto`),
  CONSTRAINT `Fornecedor` FOREIGN KEY (`codFornecedor`) REFERENCES `fornecedor` (`codFornecedor`)
) ENGINE=InnoDB DEFAULT CHARSET=latin1;

-- Copiando dados para a tabela pizzaria.itemfornecido: ~0 rows (aproximadamente)
/*!40000 ALTER TABLE `itemfornecido` DISABLE KEYS */;
/*!40000 ALTER TABLE `itemfornecido` ENABLE KEYS */;


-- Copiando estrutura para tabela pizzaria.itempedido
CREATE TABLE IF NOT EXISTS `itempedido` (
  `codPedido` int(10) NOT NULL,
  `codProduto` int(10) NOT NULL,
  `tamanho` char(1) NOT NULL DEFAULT 'M',
  `quantidade` int(2) DEFAULT NULL,
  `subtotal` decimal(6,2) DEFAULT NULL,
  `observacao` varchar(500) DEFAULT NULL,
  `bordaRecheada` varchar(50) DEFAULT NULL,
  KEY `codPedido` (`codPedido`),
  KEY `codProduto` (`codProduto`),
  KEY `tamanho` (`tamanho`),
  CONSTRAINT `FK_itempedido_pedido` FOREIGN KEY (`codPedido`) REFERENCES `pedido` (`codPedido`) ON DELETE CASCADE
) ENGINE=InnoDB DEFAULT CHARSET=latin1;

-- Copiando dados para a tabela pizzaria.itempedido: ~52 rows (aproximadamente)
/*!40000 ALTER TABLE `itempedido` DISABLE KEYS */;
INSERT INTO `itempedido` (`codPedido`, `codProduto`, `tamanho`, `quantidade`, `subtotal`, `observacao`, `bordaRecheada`) VALUES
	(2, 12, 'M', 2, 48.00, '', ''),
	(3, 4, 'M', 2, 50.00, '', ''),
	(4, 7, 'M', 3, 72.00, '', ''),
	(5, 7, 'M', 3, 72.00, '', ''),
	(6, 7, 'M', 3, 72.00, '', ''),
	(7, 2, 'M', 1, 22.00, '', 'Sem Borda'),
	(7, 10, 'M', 1, 22.00, '', 'Sem Borda'),
	(7, 5, 'M', 1, 22.00, '', 'Sem Borda'),
	(7, 6, 'G', 1, 30.00, '', 'Sem Borda'),
	(8, 10, 'M', 6, 45.00, NULL, NULL),
	(9, 1, 'M', 1, 22.00, '', 'Sem Borda'),
	(10, 1, 'M', 1, 22.00, '', 'Sem Borda'),
	(11, 1, 'M', 1, 22.00, '', 'Sem Borda'),
	(15, 1, 'M', 1, 22.00, '', 'Sem Borda'),
	(15, 1, 'M', 1, 22.00, '', 'Sem Borda'),
	(15, 1, 'M', 1, 22.00, '', 'Sem Borda'),
	(16, 1, 'M', 1, 22.00, '', 'Sem Borda'),
	(16, 1, 'M', 1, 22.00, '', 'Sem Borda'),
	(19, 1, 'M', 1, 22.00, '', 'Sem Borda'),
	(20, 1, 'M', 1, 22.00, '', 'Sem Borda'),
	(20, 8, 'M', 1, 24.00, '', 'Sem Borda'),
	(20, 8, 'P', 2, 82.00, 'aa', 'Chocolate'),
	(21, 1, 'M', 1, 22.00, '', 'Sem Borda'),
	(24, 1, 'M', 1, 22.00, '', 'Sem Borda'),
	(25, 1, 'M', 1, 22.00, '', 'Sem Borda'),
	(26, 3, 'P', 3, 171.00, '', 'Queijo'),
	(26, 6, 'M', 1, 26.00, 'Nota', 'Queijo'),
	(28, 1, 'M', 1, 22.00, '', 'Sem Borda'),
	(29, 1, 'M', 1, 22.00, 'sdf', 'Sem Borda'),
	(30, 2, 'M', 1, 3.00, 'wefr', 'Sem Borda'),
	(31, 5, 'M', 1, 23.00, '', 'Sem Borda'),
	(32, 3, 'M', 1, 23.00, '', 'Sem Borda'),
	(33, 5, 'M', 1, 23.00, '', 'Sem Borda'),
	(34, 2, 'M', 1, 3.00, '', 'Sem Borda'),
	(35, 5, 'M', 1, 23.00, '', 'Sem Borda'),
	(36, 2, 'M', 1, 3.00, '', 'Sem Borda'),
	(37, 1, 'M', 3, 67.00, '', 'Sem Borda'),
	(38, 1, 'M', 1, 22.00, '', 'Sem Borda'),
	(39, 1, 'M', 1, 22.00, '', 'Sem Borda'),
	(40, 1, 'M', 1, 22.00, '', 'Sem Borda'),
	(41, 1, 'M', 1, 22.00, '', 'Sem Borda'),
	(42, 1, 'M', 1, 22.00, '', 'Sem Borda'),
	(43, 1, 'M', 1, 22.00, '', 'Sem Borda'),
	(44, 1, 'M', 1, 22.00, '', 'Sem Borda'),
	(45, 1, 'M', 1, 22.00, '', 'Sem Borda'),
	(46, 4, 'M', 1, 25.00, '', 'Sem Borda'),
	(47, 1, 'M', 1, 22.00, '', 'Sem Borda'),
	(48, 1, 'M', 1, 22.00, '', 'Sem Borda'),
	(49, 1, 'M', 1, 22.00, '', 'Sem Borda'),
	(50, 1, 'M', 1, 22.00, '', 'Sem Borda'),
	(51, 1, 'M', 1, 22.00, '', 'Sem Borda'),
	(52, 1, 'M', 1, 22.00, '', 'Sem Borda'),
	(55, 1, 'M', 1, 22.00, '', 'Sem Borda'),
	(56, 1, 'M', 1, 22.00, '', 'Sem Borda'),
	(57, 1, 'M', 1, 22.00, '', 'Sem Borda'),
	(60, 1, 'M', 1, 22.00, '', 'Sem Borda'),
	(61, 1, 'M', 1, 22.00, '', 'Sem Borda');
/*!40000 ALTER TABLE `itempedido` ENABLE KEYS */;


-- Copiando estrutura para tabela pizzaria.mesa
CREATE TABLE IF NOT EXISTS `mesa` (
  `codMesa` int(10) NOT NULL,
  `statusMesa` varchar(50) DEFAULT 'Livre',
  PRIMARY KEY (`codMesa`)
) ENGINE=InnoDB DEFAULT CHARSET=latin1;

-- Copiando dados para a tabela pizzaria.mesa: ~30 rows (aproximadamente)
/*!40000 ALTER TABLE `mesa` DISABLE KEYS */;
INSERT INTO `mesa` (`codMesa`, `statusMesa`) VALUES
	(1, 'Livre'),
	(2, 'Livre'),
	(3, 'Livre'),
	(4, 'Livre'),
	(5, 'Livre'),
	(6, 'Livre'),
	(7, 'Livre'),
	(8, 'Livre'),
	(9, 'Livre'),
	(10, 'Livre'),
	(11, 'Ocupado'),
	(12, 'Livre'),
	(13, 'Livre'),
	(14, 'Livre'),
	(15, 'Livre'),
	(16, 'Livre'),
	(17, 'Livre'),
	(18, 'Livre'),
	(19, 'Livre'),
	(20, 'Livre'),
	(21, 'Livre'),
	(22, 'Livre'),
	(23, 'Livre'),
	(24, 'Livre'),
	(25, 'Livre'),
	(26, 'Livre'),
	(27, 'Ocupado'),
	(28, 'Ocupado'),
	(29, 'Livre'),
	(30, 'Livre');
/*!40000 ALTER TABLE `mesa` ENABLE KEYS */;


-- Copiando estrutura para tabela pizzaria.pedido
CREATE TABLE IF NOT EXISTS `pedido` (
  `codPedido` int(10) NOT NULL AUTO_INCREMENT,
  `codCaixa` int(10) DEFAULT NULL,
  `codMesa` int(10) DEFAULT NULL,
  `codCliente` int(10) DEFAULT NULL,
  `dataHoraPedido` datetime DEFAULT NULL,
  `dataHoraEnvio` datetime DEFAULT NULL,
  `statusPedido` varchar(50) DEFAULT 'Aberto',
  `controlePedido` int(11) DEFAULT '1' COMMENT '1 = Não Recebido; 2 = Recebido; 3 = Enviado;',
  PRIMARY KEY (`codPedido`)
) ENGINE=InnoDB AUTO_INCREMENT=62 DEFAULT CHARSET=latin1;

-- Copiando dados para a tabela pizzaria.pedido: ~45 rows (aproximadamente)
/*!40000 ALTER TABLE `pedido` DISABLE KEYS */;
INSERT INTO `pedido` (`codPedido`, `codCaixa`, `codMesa`, `codCliente`, `dataHoraPedido`, `dataHoraEnvio`, `statusPedido`, `controlePedido`) VALUES
	(2, NULL, NULL, 1, '2014-04-17 16:43:19', NULL, 'Fechado', 2),
	(3, NULL, NULL, 1, '2014-04-17 16:43:26', '2014-04-22 13:04:21', 'Fechado', 3),
	(4, NULL, NULL, 1, '2014-04-24 14:49:22', '2014-06-06 12:53:00', 'Fechado', 1),
	(5, NULL, NULL, 1, '2014-04-24 14:50:33', '2014-06-06 12:53:00', 'Fechado', 1),
	(6, NULL, NULL, 1, '2014-05-06 15:03:37', '2014-06-06 12:53:00', 'Fechado', 1),
	(7, 2, 6, NULL, '2014-05-22 15:28:36', '2014-06-06 12:53:00', 'Fechado', 1),
	(8, 168, NULL, NULL, '2014-05-23 14:48:40', '2014-06-06 12:53:00', 'Fechado', 1),
	(9, 318, 1, NULL, '2014-06-03 14:43:51', '2014-06-06 12:53:00', 'Fechado', 1),
	(10, 319, 1, NULL, '2014-06-03 14:48:19', NULL, 'Enviado', 1),
	(11, 319, 5, NULL, '2014-06-03 14:48:34', '2014-06-06 12:53:00', 'Fechado', 1),
	(15, 381, 1, NULL, '2014-06-05 12:54:49', '2014-06-06 12:53:00', 'Fechado', 1),
	(16, 384, 1, NULL, '2014-06-05 12:59:01', '2014-06-06 12:53:00', 'Fechado', 1),
	(19, 385, 13, NULL, '2014-06-05 13:01:11', NULL, 'Fechado', 1),
	(20, 390, 9, NULL, '2014-06-05 13:13:17', NULL, 'Fechado', 1),
	(21, 391, 9, NULL, '2014-06-05 13:15:41', NULL, 'Fechado', 1),
	(24, 393, 8, NULL, '2014-06-05 13:19:30', NULL, 'Fechado', 1),
	(25, 393, 8, NULL, '2014-06-05 13:20:06', NULL, 'Fechado', 1),
	(26, 398, 18, NULL, '2014-06-05 14:18:28', NULL, 'Fechado', 3),
	(28, 399, 3, NULL, '2014-06-05 14:34:51', NULL, 'Fechado', 3),
	(29, 400, 4, NULL, '2014-06-05 15:13:50', '2014-06-05 15:14:11', 'Fechado', 1),
	(30, 400, 4, NULL, '2014-06-05 15:19:49', '2014-06-05 15:21:02', 'Fechado', 1),
	(31, 402, 6, NULL, '2014-06-05 15:39:51', '2014-06-05 16:32:44', 'Fechado', 3),
	(32, 406, 3, NULL, '2014-06-05 16:32:06', '2014-06-06 12:53:00', 'Fechado', 1),
	(33, 406, NULL, 2, '2014-06-05 16:34:05', '2014-06-06 12:53:00', 'Fechado', 1),
	(34, 408, 1, NULL, '2014-06-05 16:40:48', '2014-06-05 16:41:02', 'Fechado', 1),
	(35, 408, NULL, 2, '2014-06-05 16:41:40', '2014-06-06 12:53:00', 'Fechado', 1),
	(36, 411, 11, NULL, '2014-06-05 16:53:25', '2014-06-06 09:45:30', 'Fechado', 1),
	(37, 416, 20, NULL, '2014-06-06 09:30:07', '2014-06-06 09:31:25', 'Fechado', 1),
	(38, 416, NULL, 5, '2014-06-06 09:37:38', '2014-06-06 12:53:00', 'Fechado', 1),
	(39, 416, 11, NULL, '2014-06-06 09:37:58', '2014-06-06 09:45:30', 'Fechado', 1),
	(40, 416, 25, NULL, '2014-06-06 09:38:43', '2014-06-06 09:46:33', 'Fechado', 1),
	(41, 416, 28, NULL, '2014-06-06 09:39:02', '2014-06-06 09:46:00', 'Fechado', 1),
	(42, 417, 25, NULL, '2014-06-06 09:43:51', '2014-06-06 09:46:33', 'Fechado', 1),
	(43, 417, 11, NULL, '2014-06-06 09:44:52', '2014-06-06 09:45:30', 'Fechado', 1),
	(44, 417, 28, NULL, '2014-06-06 09:45:42', '2014-06-06 09:46:00', 'Fechado', 1),
	(45, 417, 25, NULL, '2014-06-06 09:46:22', '2014-06-06 09:46:33', 'Fechado', 1),
	(46, 418, NULL, 2, '2014-06-06 09:50:16', '2014-06-06 12:53:00', 'Fechado', 1),
	(47, 422, NULL, 1, '2014-06-06 11:48:07', '2014-06-06 12:53:00', 'Fechado', 1),
	(48, 425, NULL, 3, '2014-06-06 11:52:41', '2014-06-06 12:53:00', 'Fechado', 1),
	(49, 426, NULL, 1, '2014-06-06 11:56:30', '2014-06-06 12:53:00', 'Fechado', 1),
	(50, 427, NULL, 1, '2014-06-06 12:00:04', '2014-06-06 12:53:00', 'Fechado', 1),
	(51, 428, NULL, 1, '2014-06-06 12:03:26', '2014-06-06 12:53:00', 'Fechado', 1),
	(52, 429, NULL, 1, '2014-06-06 12:33:38', '2014-06-06 12:53:00', 'Fechado', 1),
	(53, 430, NULL, NULL, '2014-06-06 12:38:50', '2014-06-06 12:53:00', 'Fechado', 1),
	(54, 430, NULL, NULL, '2014-06-06 12:38:50', '2014-06-06 12:53:00', 'Fechado', 1),
	(55, 431, NULL, 4, '2014-06-06 12:47:43', '2014-06-06 12:53:00', 'Fechado', 1),
	(56, 432, NULL, 3, '2014-06-06 12:49:08', '2014-06-06 12:53:00', 'Fechado', 1),
	(57, 432, NULL, 1, '2014-06-06 12:49:26', '2014-06-06 12:53:00', 'Fechado', 1),
	(58, 433, NULL, NULL, '2014-06-06 12:56:47', '2014-06-06 12:59:17', 'Fechado', 1),
	(59, 433, NULL, NULL, '2014-06-06 12:56:47', '2014-06-06 12:59:17', 'Fechado', 1),
	(60, 434, NULL, NULL, '2014-06-06 12:59:02', '2014-06-06 12:59:17', 'Fechado', 1),
	(61, 434, NULL, 4, '2014-06-06 12:59:12', '2014-06-06 12:59:17', 'Fechado', 1);
/*!40000 ALTER TABLE `pedido` ENABLE KEYS */;


-- Copiando estrutura para tabela pizzaria.produto
CREATE TABLE IF NOT EXISTS `produto` (
  `codProduto` int(10) NOT NULL AUTO_INCREMENT,
  `nomeProduto` varchar(50) DEFAULT '',
  `descricaoProduto` varchar(400) DEFAULT '',
  `marcaProduto` varchar(50) DEFAULT '',
  `categoriaProduto` varchar(50) DEFAULT NULL,
  `precoPequeno` decimal(5,2) DEFAULT '0.00',
  `precoNormal` decimal(5,2) DEFAULT '0.00',
  `precoGrande` decimal(5,2) DEFAULT '0.00',
  `estoque` tinyint(4) DEFAULT '0',
  `cardapio` tinyint(4) DEFAULT '1',
  `site` tinyint(4) DEFAULT '1',
  `promocao` tinyint(4) DEFAULT '0',
  PRIMARY KEY (`codProduto`)
) ENGINE=InnoDB AUTO_INCREMENT=33 DEFAULT CHARSET=latin1;

-- Copiando dados para a tabela pizzaria.produto: ~24 rows (aproximadamente)
/*!40000 ALTER TABLE `produto` DISABLE KEYS */;
INSERT INTO `produto` (`codProduto`, `nomeProduto`, `descricaoProduto`, `marcaProduto`, `categoriaProduto`, `precoPequeno`, `precoNormal`, `precoGrande`, `estoque`, `cardapio`, `site`, `promocao`) VALUES
	(1, 'Pizza de Muzzarela', 'Muzzarela e Molho de Tomate', '', 'Pizza Tradicional', 17.50, 22.50, 27.00, 0, 1, 1, 0),
	(2, 'Refrigerante de Cola 600ml', 'Refrigerante que da para beber', '', 'Bebida', 0.00, 3.00, 0.00, 0, 1, 1, 0),
	(3, 'Pizza de Aliche', 'Muzzarela, Filés de anchovas, Rodelas de Tomate, Provolone', '', 'Pizza Tradicional', 18.00, 23.00, 30.00, 0, 1, 1, 0),
	(4, 'Pizza à Moda da Casa', 'Muzzarela, Presunto, Palmito, Catupiry e Parmesão', '', 'Pizza Especial', 20.00, 25.00, 30.00, 0, 1, 1, 1),
	(5, 'Pizza de Atum', 'Muzzarela, Atum e Molho de Tomate', '', 'Pizza Tradicional', 18.00, 23.00, 30.00, 0, 1, 1, 0),
	(6, 'Pizza de Bacon', 'Muzzarela e Bacon', '', 'Pizza Tradicional', 18.00, 23.00, 30.00, 0, 1, 1, 0),
	(7, 'Pizza Bela Itália', 'Muzzarela, Escarola, Palmito e Catupiry', '', 'Pizza Tradicional', 19.00, 24.00, 30.00, 0, 1, 1, 0),
	(8, 'Pizza de Brócolis com Catupiry', 'Muzzarela, Brócolis, Parmesão e Catupiry', '', 'Pizza Tradicional', 19.00, 24.00, 30.00, 0, 1, 1, 0),
	(9, 'Pizza de Calabresa', 'Muzzarela, Calabresa e Cebola', '', 'Pizza Tradicional', 19.00, 24.00, 30.00, 0, 1, 1, 0),
	(10, 'Pizza de Camarão', 'Muzzarela, Camarão e Catupiry', '', 'Pizza Tradicional', 19.00, 24.00, 30.00, 0, 1, 1, 0),
	(11, 'Pizza de Catupiry', 'Muzzarela e Catupiry', '', 'Pizza Tradicional', 17.50, 22.50, 27.00, 0, 1, 1, 0),
	(12, 'Pizza de 4 Queijos', 'Muzarela, Provolone, Parmesão e Catupiry', '', 'Pizza Tradicional', 19.00, 24.00, 30.00, 0, 1, 1, 0),
	(13, 'Pizza de 5 Queijos', 'Muzzarela, Provolone, Catupiry, Parmesão e Gorgonzola', '', 'Pizza Especial', 22.00, 27.00, 33.00, 0, 1, 1, 0),
	(14, 'Suco de Laranja', 'Com Água ou Leite', '', 'Bebida', 0.00, 4.00, 0.00, 0, 1, 1, 0),
	(15, 'Leite', 'Leite classe C', 'A+', 'Laticinio', 0.00, 2.21, 0.00, 1, 1, 1, 0),
	(16, 'Pao', 'Pao De Leite', 'Puma', 'Lanche', 0.00, 5.00, 0.00, 1, 1, 0, 0),
	(17, 'Presunto', 'usado como ingrediente', 'Friboi', 'Laticinio', 0.00, 20.85, 0.00, 1, 1, 1, 0),
	(18, 'Porção Mista', 'Salame, Azeitona, Ovo de Codorna, Queijo e Presunto', '', 'Porção', 14.00, 16.50, 18.50, 0, 1, 1, 0),
	(20, 'Pizza de Banana', 'Banana e Canela', '', 'Pizza Doce', 15.00, 17.00, 21.00, 0, 1, 1, 0),
	(21, 'Pizza de Banana com Chocolate', 'Banana, Chocolate e Canela', '', 'Pizza Doce', 17.00, 19.00, 23.00, 0, 1, 1, 0),
	(22, 'Porção de Salame', 'Salame e Azeitona', '', 'Porção', 10.00, 12.50, 15.00, 0, 1, 1, 0),
	(23, 'Porção de Churrasquinho', 'Filé Mignon', '', 'Porção', 13.00, 15.50, 18.00, 0, 1, 1, 0),
	(24, 'Porção de Frios', 'Queijo, Presunto e Azeitona', '', 'Porção', 12.00, 14.50, 17.00, 0, 1, 1, 0),
	(25, 'Molho De Tomate', 'Molho De Tomates', 'Quero', 'Frios', 0.00, 2.00, 0.00, 1, 1, 1, 0),
	(26, 'Porção de Salame', 'Salame e Azeitona', '', 'Porção', 10.00, 12.50, 15.00, 0, 1, 1, 0),
	(27, 'Porção de Churrasquinho', 'Filé Mignon', '', 'Porção', 13.00, 15.50, 18.00, 0, 1, 1, 0),
	(28, 'Porção de Frios', 'Queijo, Presunto e Azeitona', '', 'Porção', 12.00, 14.50, 17.00, 0, 1, 1, 0),
	(29, 'Porção Mista', 'Salame, Azeitona, Ovo de Codorna, Queijo e Presunto', '', 'Porção', 14.00, 16.50, 18.50, 0, 1, 1, 0),
	(30, 'Pizza de Banana', 'Banana e Canela', '', 'Pizza Doce', 15.00, 17.00, 21.00, 0, 1, 1, 0),
	(31, 'Pizza de Banana com Chocolate', 'Banana, Chocolate e Canela', '', 'Pizza Doce', 17.00, 19.00, 23.00, 0, 1, 1, 0);
/*!40000 ALTER TABLE `produto` ENABLE KEYS */;


-- Copiando estrutura para tabela pizzaria.slider
CREATE TABLE IF NOT EXISTS `slider` (
  `codSlide` int(11) NOT NULL AUTO_INCREMENT,
  `textoSlide` varchar(255) NOT NULL DEFAULT '0',
  `imagemSlide` varchar(255) NOT NULL DEFAULT '0',
  PRIMARY KEY (`codSlide`)
) ENGINE=InnoDB AUTO_INCREMENT=4 DEFAULT CHARSET=latin1;

-- Copiando dados para a tabela pizzaria.slider: ~3 rows (aproximadamente)
/*!40000 ALTER TABLE `slider` DISABLE KEYS */;
INSERT INTO `slider` (`codSlide`, `textoSlide`, `imagemSlide`) VALUES
	(1, '0', 'slide1.jpg'),
	(2, '0', 'slide1.png'),
	(3, '0', 'slide2.png');
/*!40000 ALTER TABLE `slider` ENABLE KEYS */;


-- Copiando estrutura para tabela pizzaria.usuario
CREATE TABLE IF NOT EXISTS `usuario` (
  `codCliente` int(10) DEFAULT NULL,
  `emailUsuario` varchar(50) NOT NULL,
  `username` varchar(50) NOT NULL,
  `senhaUsuario` varchar(767) NOT NULL,
  `dataCadastro` date DEFAULT NULL,
  `token` varchar(600) NOT NULL,
  `url` varchar(600) DEFAULT NULL,
  `confirmado` tinyint(4) DEFAULT '0',
  `admin` tinyint(4) DEFAULT '0',
  PRIMARY KEY (`emailUsuario`,`username`),
  UNIQUE KEY `emailUsuario` (`emailUsuario`),
  UNIQUE KEY `nomeUsuario` (`username`),
  UNIQUE KEY `codCliente` (`codCliente`),
  CONSTRAINT `FK_usuario_cliente` FOREIGN KEY (`codCliente`) REFERENCES `cliente` (`codCliente`) ON DELETE CASCADE
) ENGINE=InnoDB DEFAULT CHARSET=latin1;

-- Copiando dados para a tabela pizzaria.usuario: ~3 rows (aproximadamente)
/*!40000 ALTER TABLE `usuario` DISABLE KEYS */;
INSERT INTO `usuario` (`codCliente`, `emailUsuario`, `username`, `senhaUsuario`, `dataCadastro`, `token`, `url`, `confirmado`, `admin`) VALUES
	(NULL, 'darklord_66@hotmail.com', 'LordFromHell66', '20fb086f5125b5983bfda1bac670db274872b5d6083d9e589c0751edd95db22038a240b9f1ec56347cff1d96cfc97ffe4bec492149693b6e5a828e1156822d20', '2014-05-06', '40625369227c2085b4.24480291', 'u=TG9yZEZyb21IZWxsNjY=&e=9a7e08f8c9ee4cc08fa3f2004406a8bb&t=40625369227c2085b4.24480291', 0, 0),
	(NULL, 'dr4goticuno@gmail.com', 'dr4goticuno', '73930edee7e32b23ac79b8e83b02fffa1cc359f1b82510d57240498700b9d859491ca7f82eeb0d43f265afff8966c86a61e3ab88cee2af4aa822bb91636f3539', '2014-04-28', '1524535eb730279fe7.68902528', NULL, 0, 0),
	(NULL, 'guilherme.almocao@ciencia.travessa', 'almo.cao', '451fd7332aca3d526fe799bc48ae0e7837a63a4e2edcfdcba686b097f49b9026dba7a9bb239b4ea7569bd6c39400481d7570c22690bf0ba6ffaee87298eb5ac3', '2014-05-05', '232425367e7d8bc7501.38089588', 'u=YWxtby5jYW8=&e=5813422db41a7614ca3f0129d8cc3f60&t=232425367e7d8bc7501.38089588', 0, 0),
	(6, 'pedrinluiz@gmail.com', 'pedro.luiz', '273ddc3c0e7ca113f35ab5e4470866f5170c899222578691019fd3fe786b38f950f81c117381b8a16577c9916e954ed1bdbfd77d18237c9e19d726de7e7260e7', '2014-06-06', '182405391ebc4419866.40648904', 'u=cGVkcm8ubHVpeg==&e=8358c00b63dff56f11235c1f6a084334&t=182405391ebc4419866.40648904', 1, 1);
/*!40000 ALTER TABLE `usuario` ENABLE KEYS */;
/*!40101 SET SQL_MODE=IFNULL(@OLD_SQL_MODE, '') */;
/*!40014 SET FOREIGN_KEY_CHECKS=IF(@OLD_FOREIGN_KEY_CHECKS IS NULL, 1, @OLD_FOREIGN_KEY_CHECKS) */;
/*!40101 SET CHARACTER_SET_CLIENT=@OLD_CHARACTER_SET_CLIENT */;
